Dataset: Training

Input files info:
{'1_total_num_fields_in': 400,
 '2_num_files_per_pattern': {'DMO-*-*.npy': 400},
 '3_all_files_used': {'DMO-*-*.npy': ['DMO-125-27.npy',
                                      'DMO-180-5.npy',
                                      'DMO-115-1.npy',
                                      'DMO-151-1.npy',
                                      'DMO-195-1.npy',
                                      'DMO-159-20.npy',
                                      'DMO-188-20.npy',
                                      'DMO-151-27.npy',
                                      'DMO-128-5.npy',
                                      'DMO-137-1.npy',
                                      'DMO-180-20.npy',
                                      'DMO-176-27.npy',
                                      'DMO-175-27.npy',
                                      'DMO-169-5.npy',
                                      'DMO-118-1.npy',
                                      'DMO-168-5.npy',
                                      'DMO-175-20.npy',
                                      'DMO-140-5.npy',
                                      'DMO-149-27.npy',
                                      'DMO-176-20.npy',
                                      'DMO-192-1.npy',
                                      'DMO-146-5.npy',
                                      'DMO-174-1.npy',
                                      'DMO-136-1.npy',
                                      'DMO-102-20.npy',
                                      'DMO-162-5.npy',
                                      'DMO-167-20.npy',
                                      'DMO-150-5.npy',
                                      'DMO-139-5.npy',
                                      'DMO-144-5.npy',
                                      'DMO-107-20.npy',
                                      'DMO-111-1.npy',
                                      'DMO-105-27.npy',
                                      'DMO-106-1.npy',
                                      'DMO-150-27.npy',
                                      'DMO-104-5.npy',
                                      'DMO-142-20.npy',
                                      'DMO-141-5.npy',
                                      'DMO-119-5.npy',
                                      'DMO-150-20.npy',
                                      'DMO-138-27.npy',
                                      'DMO-145-5.npy',
                                      'DMO-136-27.npy',
                                      'DMO-171-27.npy',
                                      'DMO-194-5.npy',
                                      'DMO-184-1.npy',
                                      'DMO-171-5.npy',
                                      'DMO-150-1.npy',
                                      'DMO-117-5.npy',
                                      'DMO-148-20.npy',
                                      'DMO-129-1.npy',
                                      'DMO-177-1.npy',
                                      'DMO-157-1.npy',
                                      'DMO-192-20.npy',
                                      'DMO-133-1.npy',
                                      'DMO-167-5.npy',
                                      'DMO-140-20.npy',
                                      'DMO-143-20.npy',
                                      'DMO-103-5.npy',
                                      'DMO-170-20.npy',
                                      'DMO-173-27.npy',
                                      'DMO-193-1.npy',
                                      'DMO-159-5.npy',
                                      'DMO-135-1.npy',
                                      'DMO-101-1.npy',
                                      'DMO-175-5.npy',
                                      'DMO-107-5.npy',
                                      'DMO-161-20.npy',
                                      'DMO-130-20.npy',
                                      'DMO-198-27.npy',
                                      'DMO-173-20.npy',
                                      'DMO-103-27.npy',
                                      'DMO-110-1.npy',
                                      'DMO-163-27.npy',
                                      'DMO-158-1.npy',
                                      'DMO-190-20.npy',
                                      'DMO-148-1.npy',
                                      'DMO-131-5.npy',
                                      'DMO-103-1.npy',
                                      'DMO-124-27.npy',
                                      'DMO-169-20.npy',
                                      'DMO-196-1.npy',
                                      'DMO-116-27.npy',
                                      'DMO-181-20.npy',
                                      'DMO-115-20.npy',
                                      'DMO-138-5.npy',
                                      'DMO-173-1.npy',
                                      'DMO-132-20.npy',
                                      'DMO-142-27.npy',
                                      'DMO-183-5.npy',
                                      'DMO-125-5.npy',
                                      'DMO-149-20.npy',
                                      'DMO-124-1.npy',
                                      'DMO-188-27.npy',
                                      'DMO-116-20.npy',
                                      'DMO-190-27.npy',
                                      'DMO-124-5.npy',
                                      'DMO-131-20.npy',
                                      'DMO-164-5.npy',
                                      'DMO-174-27.npy',
                                      'DMO-108-5.npy',
                                      'DMO-117-20.npy',
                                      'DMO-133-27.npy',
                                      'DMO-196-27.npy',
                                      'DMO-120-5.npy',
                                      'DMO-177-5.npy',
                                      'DMO-195-20.npy',
                                      'DMO-199-1.npy',
                                      'DMO-126-5.npy',
                                      'DMO-104-1.npy',
                                      'DMO-140-27.npy',
                                      'DMO-163-20.npy',
                                      'DMO-169-1.npy',
                                      'DMO-114-27.npy',
                                      'DMO-166-27.npy',
                                      'DMO-154-20.npy',
                                      'DMO-196-5.npy',
                                      'DMO-157-27.npy',
                                      'DMO-178-1.npy',
                                      'DMO-137-27.npy',
                                      'DMO-129-20.npy',
                                      'DMO-199-27.npy',
                                      'DMO-131-27.npy',
                                      'DMO-181-27.npy',
                                      'DMO-154-5.npy',
                                      'DMO-158-5.npy',
                                      'DMO-165-27.npy',
                                      'DMO-111-5.npy',
                                      'DMO-173-5.npy',
                                      'DMO-186-5.npy',
                                      'DMO-122-5.npy',
                                      'DMO-145-1.npy',
                                      'DMO-152-1.npy',
                                      'DMO-171-1.npy',
                                      'DMO-158-27.npy',
                                      'DMO-128-1.npy',
                                      'DMO-160-27.npy',
                                      'DMO-135-27.npy',
                                      'DMO-101-27.npy',
                                      'DMO-152-5.npy',
                                      'DMO-113-5.npy',
                                      'DMO-190-5.npy',
                                      'DMO-146-1.npy',
                                      'DMO-182-1.npy',
                                      'DMO-196-20.npy',
                                      'DMO-168-27.npy',
                                      'DMO-185-20.npy',
                                      'DMO-194-20.npy',
                                      'DMO-198-1.npy',
                                      'DMO-189-20.npy',
                                      'DMO-197-27.npy',
                                      'DMO-162-1.npy',
                                      'DMO-161-5.npy',
                                      'DMO-198-20.npy',
                                      'DMO-105-5.npy',
                                      'DMO-135-5.npy',
                                      'DMO-125-20.npy',
                                      'DMO-106-20.npy',
                                      'DMO-183-1.npy',
                                      'DMO-112-1.npy',
                                      'DMO-176-1.npy',
                                      'DMO-110-27.npy',
                                      'DMO-100-5.npy',
                                      'DMO-146-27.npy',
                                      'DMO-155-20.npy',
                                      'DMO-119-27.npy',
                                      'DMO-178-20.npy',
                                      'DMO-123-27.npy',
                                      'DMO-110-20.npy',
                                      'DMO-104-20.npy',
                                      'DMO-168-1.npy',
                                      'DMO-143-1.npy',
                                      'DMO-147-1.npy',
                                      'DMO-111-27.npy',
                                      'DMO-163-5.npy',
                                      'DMO-161-27.npy',
                                      'DMO-178-5.npy',
                                      'DMO-191-20.npy',
                                      'DMO-134-5.npy',
                                      'DMO-118-20.npy',
                                      'DMO-117-1.npy',
                                      'DMO-183-20.npy',
                                      'DMO-108-27.npy',
                                      'DMO-147-27.npy',
                                      'DMO-143-5.npy',
                                      'DMO-160-20.npy',
                                      'DMO-194-1.npy',
                                      'DMO-197-5.npy',
                                      'DMO-183-27.npy',
                                      'DMO-170-27.npy',
                                      'DMO-114-20.npy',
                                      'DMO-130-5.npy',
                                      'DMO-112-27.npy',
                                      'DMO-136-5.npy',
                                      'DMO-191-1.npy',
                                      'DMO-131-1.npy',
                                      'DMO-159-27.npy',
                                      'DMO-187-27.npy',
                                      'DMO-189-27.npy',
                                      'DMO-194-27.npy',
                                      'DMO-133-5.npy',
                                      'DMO-144-20.npy',
                                      'DMO-142-1.npy',
                                      'DMO-141-27.npy',
                                      'DMO-193-27.npy',
                                      'DMO-172-1.npy',
                                      'DMO-139-20.npy',
                                      'DMO-121-5.npy',
                                      'DMO-165-20.npy',
                                      'DMO-179-1.npy',
                                      'DMO-167-27.npy',
                                      'DMO-166-20.npy',
                                      'DMO-109-1.npy',
                                      'DMO-113-1.npy',
                                      'DMO-134-1.npy',
                                      'DMO-163-1.npy',
                                      'DMO-138-20.npy',
                                      'DMO-186-27.npy',
                                      'DMO-129-27.npy',
                                      'DMO-118-27.npy',
                                      'DMO-141-20.npy',
                                      'DMO-122-1.npy',
                                      'DMO-123-20.npy',
                                      'DMO-176-5.npy',
                                      'DMO-179-5.npy',
                                      'DMO-195-5.npy',
                                      'DMO-185-5.npy',
                                      'DMO-199-20.npy',
                                      'DMO-106-5.npy',
                                      'DMO-120-20.npy',
                                      'DMO-101-5.npy',
                                      'DMO-114-5.npy',
                                      'DMO-180-27.npy',
                                      'DMO-170-1.npy',
                                      'DMO-166-1.npy',
                                      'DMO-165-1.npy',
                                      'DMO-192-5.npy',
                                      'DMO-182-5.npy',
                                      'DMO-139-1.npy',
                                      'DMO-103-20.npy',
                                      'DMO-191-5.npy',
                                      'DMO-155-1.npy',
                                      'DMO-126-20.npy',
                                      'DMO-174-20.npy',
                                      'DMO-160-5.npy',
                                      'DMO-156-20.npy',
                                      'DMO-141-1.npy',
                                      'DMO-102-5.npy',
                                      'DMO-144-27.npy',
                                      'DMO-151-5.npy',
                                      'DMO-195-27.npy',
                                      'DMO-157-20.npy',
                                      'DMO-142-5.npy',
                                      'DMO-170-5.npy',
                                      'DMO-162-20.npy',
                                      'DMO-174-5.npy',
                                      'DMO-168-20.npy',
                                      'DMO-189-5.npy',
                                      'DMO-193-20.npy',
                                      'DMO-113-20.npy',
                                      'DMO-102-27.npy',
                                      'DMO-147-20.npy',
                                      'DMO-105-1.npy',
                                      'DMO-133-20.npy',
                                      'DMO-109-5.npy',
                                      'DMO-121-20.npy',
                                      'DMO-158-20.npy',
                                      'DMO-111-20.npy',
                                      'DMO-104-27.npy',
                                      'DMO-164-20.npy',
                                      'DMO-153-20.npy',
                                      'DMO-172-5.npy',
                                      'DMO-124-20.npy',
                                      'DMO-157-5.npy',
                                      'DMO-153-27.npy',
                                      'DMO-166-5.npy',
                                      'DMO-109-27.npy',
                                      'DMO-188-1.npy',
                                      'DMO-184-20.npy',
                                      'DMO-151-20.npy',
                                      'DMO-182-20.npy',
                                      'DMO-115-27.npy',
                                      'DMO-121-27.npy',
                                      'DMO-177-27.npy',
                                      'DMO-187-20.npy',
                                      'DMO-153-1.npy',
                                      'DMO-136-20.npy',
                                      'DMO-139-27.npy',
                                      'DMO-130-1.npy',
                                      'DMO-186-20.npy',
                                      'DMO-155-27.npy',
                                      'DMO-198-5.npy',
                                      'DMO-154-1.npy',
                                      'DMO-184-27.npy',
                                      'DMO-162-27.npy',
                                      'DMO-149-1.npy',
                                      'DMO-178-27.npy',
                                      'DMO-175-1.npy',
                                      'DMO-143-27.npy',
                                      'DMO-187-1.npy',
                                      'DMO-145-27.npy',
                                      'DMO-126-27.npy',
                                      'DMO-190-1.npy',
                                      'DMO-122-27.npy',
                                      'DMO-127-20.npy',
                                      'DMO-130-27.npy',
                                      'DMO-160-1.npy',
                                      'DMO-197-20.npy',
                                      'DMO-127-5.npy',
                                      'DMO-159-1.npy',
                                      'DMO-192-27.npy',
                                      'DMO-152-27.npy',
                                      'DMO-185-27.npy',
                                      'DMO-113-27.npy',
                                      'DMO-112-20.npy',
                                      'DMO-134-20.npy',
                                      'DMO-107-1.npy',
                                      'DMO-153-5.npy',
                                      'DMO-167-1.npy',
                                      'DMO-119-1.npy',
                                      'DMO-127-1.npy',
                                      'DMO-147-5.npy',
                                      'DMO-148-27.npy',
                                      'DMO-138-1.npy',
                                      'DMO-102-1.npy',
                                      'DMO-165-5.npy',
                                      'DMO-112-5.npy',
                                      'DMO-197-1.npy',
                                      'DMO-137-20.npy',
                                      'DMO-127-27.npy',
                                      'DMO-161-1.npy',
                                      'DMO-108-20.npy',
                                      'DMO-181-5.npy',
                                      'DMO-108-1.npy',
                                      'DMO-199-5.npy',
                                      'DMO-156-27.npy',
                                      'DMO-155-5.npy',
                                      'DMO-132-27.npy',
                                      'DMO-172-20.npy',
                                      'DMO-118-5.npy',
                                      'DMO-148-5.npy',
                                      'DMO-154-27.npy',
                                      'DMO-128-20.npy',
                                      'DMO-100-20.npy',
                                      'DMO-180-1.npy',
                                      'DMO-149-5.npy',
                                      'DMO-140-1.npy',
                                      'DMO-164-27.npy',
                                      'DMO-179-20.npy',
                                      'DMO-191-27.npy',
                                      'DMO-122-20.npy',
                                      'DMO-137-5.npy',
                                      'DMO-128-27.npy',
                                      'DMO-182-27.npy',
                                      'DMO-135-20.npy',
                                      'DMO-184-5.npy',
                                      'DMO-193-5.npy',
                                      'DMO-116-1.npy',
                                      'DMO-189-1.npy',
                                      'DMO-121-1.npy',
                                      'DMO-109-20.npy',
                                      'DMO-123-5.npy',
                                      'DMO-186-1.npy',
                                      'DMO-156-5.npy',
                                      'DMO-187-5.npy',
                                      'DMO-156-1.npy',
                                      'DMO-129-5.npy',
                                      'DMO-123-1.npy',
                                      'DMO-100-1.npy',
                                      'DMO-117-27.npy',
                                      'DMO-101-20.npy',
                                      'DMO-177-20.npy',
                                      'DMO-185-1.npy',
                                      'DMO-120-27.npy',
                                      'DMO-105-20.npy',
                                      'DMO-145-20.npy',
                                      'DMO-126-1.npy',
                                      'DMO-120-1.npy',
                                      'DMO-164-1.npy',
                                      'DMO-125-1.npy',
                                      'DMO-116-5.npy',
                                      'DMO-169-27.npy',
                                      'DMO-110-5.npy',
                                      'DMO-144-1.npy',
                                      'DMO-134-27.npy',
                                      'DMO-107-27.npy',
                                      'DMO-132-5.npy',
                                      'DMO-119-20.npy',
                                      'DMO-100-27.npy',
                                      'DMO-132-1.npy',
                                      'DMO-114-1.npy',
                                      'DMO-181-1.npy',
                                      'DMO-146-20.npy',
                                      'DMO-106-27.npy',
                                      'DMO-188-5.npy',
                                      'DMO-172-27.npy',
                                      'DMO-171-20.npy',
                                      'DMO-152-20.npy',
                                      'DMO-115-5.npy',
                                      'DMO-179-27.npy']}}

Target files info:
{'1_total_num_fields_tgt': 400,
 '2_num_files_per_pattern': {'DM-*-*.npy': 400,
                             'E-*-*.npy': 400,
                             'T-*-*.npy': 400,
                             'gas-*-*.npy': 400},
 '3_all_files_used': {'DM-*-*.npy': ['DM-125-27.npy',
                                     'DM-180-5.npy',
                                     'DM-115-1.npy',
                                     'DM-151-1.npy',
                                     'DM-195-1.npy',
                                     'DM-159-20.npy',
                                     'DM-188-20.npy',
                                     'DM-151-27.npy',
                                     'DM-128-5.npy',
                                     'DM-137-1.npy',
                                     'DM-180-20.npy',
                                     'DM-176-27.npy',
                                     'DM-175-27.npy',
                                     'DM-169-5.npy',
                                     'DM-118-1.npy',
                                     'DM-168-5.npy',
                                     'DM-175-20.npy',
                                     'DM-140-5.npy',
                                     'DM-149-27.npy',
                                     'DM-176-20.npy',
                                     'DM-192-1.npy',
                                     'DM-146-5.npy',
                                     'DM-174-1.npy',
                                     'DM-136-1.npy',
                                     'DM-102-20.npy',
                                     'DM-162-5.npy',
                                     'DM-167-20.npy',
                                     'DM-150-5.npy',
                                     'DM-139-5.npy',
                                     'DM-144-5.npy',
                                     'DM-107-20.npy',
                                     'DM-111-1.npy',
                                     'DM-105-27.npy',
                                     'DM-106-1.npy',
                                     'DM-150-27.npy',
                                     'DM-104-5.npy',
                                     'DM-142-20.npy',
                                     'DM-141-5.npy',
                                     'DM-119-5.npy',
                                     'DM-150-20.npy',
                                     'DM-138-27.npy',
                                     'DM-145-5.npy',
                                     'DM-136-27.npy',
                                     'DM-171-27.npy',
                                     'DM-194-5.npy',
                                     'DM-184-1.npy',
                                     'DM-171-5.npy',
                                     'DM-150-1.npy',
                                     'DM-117-5.npy',
                                     'DM-148-20.npy',
                                     'DM-129-1.npy',
                                     'DM-177-1.npy',
                                     'DM-157-1.npy',
                                     'DM-192-20.npy',
                                     'DM-133-1.npy',
                                     'DM-167-5.npy',
                                     'DM-140-20.npy',
                                     'DM-143-20.npy',
                                     'DM-103-5.npy',
                                     'DM-170-20.npy',
                                     'DM-173-27.npy',
                                     'DM-193-1.npy',
                                     'DM-159-5.npy',
                                     'DM-135-1.npy',
                                     'DM-101-1.npy',
                                     'DM-175-5.npy',
                                     'DM-107-5.npy',
                                     'DM-161-20.npy',
                                     'DM-130-20.npy',
                                     'DM-198-27.npy',
                                     'DM-173-20.npy',
                                     'DM-103-27.npy',
                                     'DM-110-1.npy',
                                     'DM-163-27.npy',
                                     'DM-158-1.npy',
                                     'DM-190-20.npy',
                                     'DM-148-1.npy',
                                     'DM-131-5.npy',
                                     'DM-103-1.npy',
                                     'DM-124-27.npy',
                                     'DM-169-20.npy',
                                     'DM-196-1.npy',
                                     'DM-116-27.npy',
                                     'DM-181-20.npy',
                                     'DM-115-20.npy',
                                     'DM-138-5.npy',
                                     'DM-173-1.npy',
                                     'DM-132-20.npy',
                                     'DM-142-27.npy',
                                     'DM-183-5.npy',
                                     'DM-125-5.npy',
                                     'DM-149-20.npy',
                                     'DM-124-1.npy',
                                     'DM-188-27.npy',
                                     'DM-116-20.npy',
                                     'DM-190-27.npy',
                                     'DM-124-5.npy',
                                     'DM-131-20.npy',
                                     'DM-164-5.npy',
                                     'DM-174-27.npy',
                                     'DM-108-5.npy',
                                     'DM-117-20.npy',
                                     'DM-133-27.npy',
                                     'DM-196-27.npy',
                                     'DM-120-5.npy',
                                     'DM-177-5.npy',
                                     'DM-195-20.npy',
                                     'DM-199-1.npy',
                                     'DM-126-5.npy',
                                     'DM-104-1.npy',
                                     'DM-140-27.npy',
                                     'DM-163-20.npy',
                                     'DM-169-1.npy',
                                     'DM-114-27.npy',
                                     'DM-166-27.npy',
                                     'DM-154-20.npy',
                                     'DM-196-5.npy',
                                     'DM-157-27.npy',
                                     'DM-178-1.npy',
                                     'DM-137-27.npy',
                                     'DM-129-20.npy',
                                     'DM-199-27.npy',
                                     'DM-131-27.npy',
                                     'DM-181-27.npy',
                                     'DM-154-5.npy',
                                     'DM-158-5.npy',
                                     'DM-165-27.npy',
                                     'DM-111-5.npy',
                                     'DM-173-5.npy',
                                     'DM-186-5.npy',
                                     'DM-122-5.npy',
                                     'DM-145-1.npy',
                                     'DM-152-1.npy',
                                     'DM-171-1.npy',
                                     'DM-158-27.npy',
                                     'DM-128-1.npy',
                                     'DM-160-27.npy',
                                     'DM-135-27.npy',
                                     'DM-101-27.npy',
                                     'DM-152-5.npy',
                                     'DM-113-5.npy',
                                     'DM-190-5.npy',
                                     'DM-146-1.npy',
                                     'DM-182-1.npy',
                                     'DM-196-20.npy',
                                     'DM-168-27.npy',
                                     'DM-185-20.npy',
                                     'DM-194-20.npy',
                                     'DM-198-1.npy',
                                     'DM-189-20.npy',
                                     'DM-197-27.npy',
                                     'DM-162-1.npy',
                                     'DM-161-5.npy',
                                     'DM-198-20.npy',
                                     'DM-105-5.npy',
                                     'DM-135-5.npy',
                                     'DM-125-20.npy',
                                     'DM-106-20.npy',
                                     'DM-183-1.npy',
                                     'DM-112-1.npy',
                                     'DM-176-1.npy',
                                     'DM-110-27.npy',
                                     'DM-100-5.npy',
                                     'DM-146-27.npy',
                                     'DM-155-20.npy',
                                     'DM-119-27.npy',
                                     'DM-178-20.npy',
                                     'DM-123-27.npy',
                                     'DM-110-20.npy',
                                     'DM-104-20.npy',
                                     'DM-168-1.npy',
                                     'DM-143-1.npy',
                                     'DM-147-1.npy',
                                     'DM-111-27.npy',
                                     'DM-163-5.npy',
                                     'DM-161-27.npy',
                                     'DM-178-5.npy',
                                     'DM-191-20.npy',
                                     'DM-134-5.npy',
                                     'DM-118-20.npy',
                                     'DM-117-1.npy',
                                     'DM-183-20.npy',
                                     'DM-108-27.npy',
                                     'DM-147-27.npy',
                                     'DM-143-5.npy',
                                     'DM-160-20.npy',
                                     'DM-194-1.npy',
                                     'DM-197-5.npy',
                                     'DM-183-27.npy',
                                     'DM-170-27.npy',
                                     'DM-114-20.npy',
                                     'DM-130-5.npy',
                                     'DM-112-27.npy',
                                     'DM-136-5.npy',
                                     'DM-191-1.npy',
                                     'DM-131-1.npy',
                                     'DM-159-27.npy',
                                     'DM-187-27.npy',
                                     'DM-189-27.npy',
                                     'DM-194-27.npy',
                                     'DM-133-5.npy',
                                     'DM-144-20.npy',
                                     'DM-142-1.npy',
                                     'DM-141-27.npy',
                                     'DM-193-27.npy',
                                     'DM-172-1.npy',
                                     'DM-139-20.npy',
                                     'DM-121-5.npy',
                                     'DM-165-20.npy',
                                     'DM-179-1.npy',
                                     'DM-167-27.npy',
                                     'DM-166-20.npy',
                                     'DM-109-1.npy',
                                     'DM-113-1.npy',
                                     'DM-134-1.npy',
                                     'DM-163-1.npy',
                                     'DM-138-20.npy',
                                     'DM-186-27.npy',
                                     'DM-129-27.npy',
                                     'DM-118-27.npy',
                                     'DM-141-20.npy',
                                     'DM-122-1.npy',
                                     'DM-123-20.npy',
                                     'DM-176-5.npy',
                                     'DM-179-5.npy',
                                     'DM-195-5.npy',
                                     'DM-185-5.npy',
                                     'DM-199-20.npy',
                                     'DM-106-5.npy',
                                     'DM-120-20.npy',
                                     'DM-101-5.npy',
                                     'DM-114-5.npy',
                                     'DM-180-27.npy',
                                     'DM-170-1.npy',
                                     'DM-166-1.npy',
                                     'DM-165-1.npy',
                                     'DM-192-5.npy',
                                     'DM-182-5.npy',
                                     'DM-139-1.npy',
                                     'DM-103-20.npy',
                                     'DM-191-5.npy',
                                     'DM-155-1.npy',
                                     'DM-126-20.npy',
                                     'DM-174-20.npy',
                                     'DM-160-5.npy',
                                     'DM-156-20.npy',
                                     'DM-141-1.npy',
                                     'DM-102-5.npy',
                                     'DM-144-27.npy',
                                     'DM-151-5.npy',
                                     'DM-195-27.npy',
                                     'DM-157-20.npy',
                                     'DM-142-5.npy',
                                     'DM-170-5.npy',
                                     'DM-162-20.npy',
                                     'DM-174-5.npy',
                                     'DM-168-20.npy',
                                     'DM-189-5.npy',
                                     'DM-193-20.npy',
                                     'DM-113-20.npy',
                                     'DM-102-27.npy',
                                     'DM-147-20.npy',
                                     'DM-105-1.npy',
                                     'DM-133-20.npy',
                                     'DM-109-5.npy',
                                     'DM-121-20.npy',
                                     'DM-158-20.npy',
                                     'DM-111-20.npy',
                                     'DM-104-27.npy',
                                     'DM-164-20.npy',
                                     'DM-153-20.npy',
                                     'DM-172-5.npy',
                                     'DM-124-20.npy',
                                     'DM-157-5.npy',
                                     'DM-153-27.npy',
                                     'DM-166-5.npy',
                                     'DM-109-27.npy',
                                     'DM-188-1.npy',
                                     'DM-184-20.npy',
                                     'DM-151-20.npy',
                                     'DM-182-20.npy',
                                     'DM-115-27.npy',
                                     'DM-121-27.npy',
                                     'DM-177-27.npy',
                                     'DM-187-20.npy',
                                     'DM-153-1.npy',
                                     'DM-136-20.npy',
                                     'DM-139-27.npy',
                                     'DM-130-1.npy',
                                     'DM-186-20.npy',
                                     'DM-155-27.npy',
                                     'DM-198-5.npy',
                                     'DM-154-1.npy',
                                     'DM-184-27.npy',
                                     'DM-162-27.npy',
                                     'DM-149-1.npy',
                                     'DM-178-27.npy',
                                     'DM-175-1.npy',
                                     'DM-143-27.npy',
                                     'DM-187-1.npy',
                                     'DM-145-27.npy',
                                     'DM-126-27.npy',
                                     'DM-190-1.npy',
                                     'DM-122-27.npy',
                                     'DM-127-20.npy',
                                     'DM-130-27.npy',
                                     'DM-160-1.npy',
                                     'DM-197-20.npy',
                                     'DM-127-5.npy',
                                     'DM-159-1.npy',
                                     'DM-192-27.npy',
                                     'DM-152-27.npy',
                                     'DM-185-27.npy',
                                     'DM-113-27.npy',
                                     'DM-112-20.npy',
                                     'DM-134-20.npy',
                                     'DM-107-1.npy',
                                     'DM-153-5.npy',
                                     'DM-167-1.npy',
                                     'DM-119-1.npy',
                                     'DM-127-1.npy',
                                     'DM-147-5.npy',
                                     'DM-148-27.npy',
                                     'DM-138-1.npy',
                                     'DM-102-1.npy',
                                     'DM-165-5.npy',
                                     'DM-112-5.npy',
                                     'DM-197-1.npy',
                                     'DM-137-20.npy',
                                     'DM-127-27.npy',
                                     'DM-161-1.npy',
                                     'DM-108-20.npy',
                                     'DM-181-5.npy',
                                     'DM-108-1.npy',
                                     'DM-199-5.npy',
                                     'DM-156-27.npy',
                                     'DM-155-5.npy',
                                     'DM-132-27.npy',
                                     'DM-172-20.npy',
                                     'DM-118-5.npy',
                                     'DM-148-5.npy',
                                     'DM-154-27.npy',
                                     'DM-128-20.npy',
                                     'DM-100-20.npy',
                                     'DM-180-1.npy',
                                     'DM-149-5.npy',
                                     'DM-140-1.npy',
                                     'DM-164-27.npy',
                                     'DM-179-20.npy',
                                     'DM-191-27.npy',
                                     'DM-122-20.npy',
                                     'DM-137-5.npy',
                                     'DM-128-27.npy',
                                     'DM-182-27.npy',
                                     'DM-135-20.npy',
                                     'DM-184-5.npy',
                                     'DM-193-5.npy',
                                     'DM-116-1.npy',
                                     'DM-189-1.npy',
                                     'DM-121-1.npy',
                                     'DM-109-20.npy',
                                     'DM-123-5.npy',
                                     'DM-186-1.npy',
                                     'DM-156-5.npy',
                                     'DM-187-5.npy',
                                     'DM-156-1.npy',
                                     'DM-129-5.npy',
                                     'DM-123-1.npy',
                                     'DM-100-1.npy',
                                     'DM-117-27.npy',
                                     'DM-101-20.npy',
                                     'DM-177-20.npy',
                                     'DM-185-1.npy',
                                     'DM-120-27.npy',
                                     'DM-105-20.npy',
                                     'DM-145-20.npy',
                                     'DM-126-1.npy',
                                     'DM-120-1.npy',
                                     'DM-164-1.npy',
                                     'DM-125-1.npy',
                                     'DM-116-5.npy',
                                     'DM-169-27.npy',
                                     'DM-110-5.npy',
                                     'DM-144-1.npy',
                                     'DM-134-27.npy',
                                     'DM-107-27.npy',
                                     'DM-132-5.npy',
                                     'DM-119-20.npy',
                                     'DM-100-27.npy',
                                     'DM-132-1.npy',
                                     'DM-114-1.npy',
                                     'DM-181-1.npy',
                                     'DM-146-20.npy',
                                     'DM-106-27.npy',
                                     'DM-188-5.npy',
                                     'DM-172-27.npy',
                                     'DM-171-20.npy',
                                     'DM-152-20.npy',
                                     'DM-115-5.npy',
                                     'DM-179-27.npy'],
                      'E-*-*.npy': ['E-125-27.npy',
                                    'E-180-5.npy',
                                    'E-115-1.npy',
                                    'E-151-1.npy',
                                    'E-195-1.npy',
                                    'E-159-20.npy',
                                    'E-188-20.npy',
                                    'E-151-27.npy',
                                    'E-128-5.npy',
                                    'E-137-1.npy',
                                    'E-180-20.npy',
                                    'E-176-27.npy',
                                    'E-175-27.npy',
                                    'E-169-5.npy',
                                    'E-118-1.npy',
                                    'E-168-5.npy',
                                    'E-175-20.npy',
                                    'E-140-5.npy',
                                    'E-149-27.npy',
                                    'E-176-20.npy',
                                    'E-192-1.npy',
                                    'E-146-5.npy',
                                    'E-174-1.npy',
                                    'E-136-1.npy',
                                    'E-102-20.npy',
                                    'E-162-5.npy',
                                    'E-167-20.npy',
                                    'E-150-5.npy',
                                    'E-139-5.npy',
                                    'E-144-5.npy',
                                    'E-107-20.npy',
                                    'E-111-1.npy',
                                    'E-105-27.npy',
                                    'E-106-1.npy',
                                    'E-150-27.npy',
                                    'E-104-5.npy',
                                    'E-142-20.npy',
                                    'E-141-5.npy',
                                    'E-119-5.npy',
                                    'E-150-20.npy',
                                    'E-138-27.npy',
                                    'E-145-5.npy',
                                    'E-136-27.npy',
                                    'E-171-27.npy',
                                    'E-194-5.npy',
                                    'E-184-1.npy',
                                    'E-171-5.npy',
                                    'E-150-1.npy',
                                    'E-117-5.npy',
                                    'E-148-20.npy',
                                    'E-129-1.npy',
                                    'E-177-1.npy',
                                    'E-157-1.npy',
                                    'E-192-20.npy',
                                    'E-133-1.npy',
                                    'E-167-5.npy',
                                    'E-140-20.npy',
                                    'E-143-20.npy',
                                    'E-103-5.npy',
                                    'E-170-20.npy',
                                    'E-173-27.npy',
                                    'E-193-1.npy',
                                    'E-159-5.npy',
                                    'E-135-1.npy',
                                    'E-101-1.npy',
                                    'E-175-5.npy',
                                    'E-107-5.npy',
                                    'E-161-20.npy',
                                    'E-130-20.npy',
                                    'E-198-27.npy',
                                    'E-173-20.npy',
                                    'E-103-27.npy',
                                    'E-110-1.npy',
                                    'E-163-27.npy',
                                    'E-158-1.npy',
                                    'E-190-20.npy',
                                    'E-148-1.npy',
                                    'E-131-5.npy',
                                    'E-103-1.npy',
                                    'E-124-27.npy',
                                    'E-169-20.npy',
                                    'E-196-1.npy',
                                    'E-116-27.npy',
                                    'E-181-20.npy',
                                    'E-115-20.npy',
                                    'E-138-5.npy',
                                    'E-173-1.npy',
                                    'E-132-20.npy',
                                    'E-142-27.npy',
                                    'E-183-5.npy',
                                    'E-125-5.npy',
                                    'E-149-20.npy',
                                    'E-124-1.npy',
                                    'E-188-27.npy',
                                    'E-116-20.npy',
                                    'E-190-27.npy',
                                    'E-124-5.npy',
                                    'E-131-20.npy',
                                    'E-164-5.npy',
                                    'E-174-27.npy',
                                    'E-108-5.npy',
                                    'E-117-20.npy',
                                    'E-133-27.npy',
                                    'E-196-27.npy',
                                    'E-120-5.npy',
                                    'E-177-5.npy',
                                    'E-195-20.npy',
                                    'E-199-1.npy',
                                    'E-126-5.npy',
                                    'E-104-1.npy',
                                    'E-140-27.npy',
                                    'E-163-20.npy',
                                    'E-169-1.npy',
                                    'E-114-27.npy',
                                    'E-166-27.npy',
                                    'E-154-20.npy',
                                    'E-196-5.npy',
                                    'E-157-27.npy',
                                    'E-178-1.npy',
                                    'E-137-27.npy',
                                    'E-129-20.npy',
                                    'E-199-27.npy',
                                    'E-131-27.npy',
                                    'E-181-27.npy',
                                    'E-154-5.npy',
                                    'E-158-5.npy',
                                    'E-165-27.npy',
                                    'E-111-5.npy',
                                    'E-173-5.npy',
                                    'E-186-5.npy',
                                    'E-122-5.npy',
                                    'E-145-1.npy',
                                    'E-152-1.npy',
                                    'E-171-1.npy',
                                    'E-158-27.npy',
                                    'E-128-1.npy',
                                    'E-160-27.npy',
                                    'E-135-27.npy',
                                    'E-101-27.npy',
                                    'E-152-5.npy',
                                    'E-113-5.npy',
                                    'E-190-5.npy',
                                    'E-146-1.npy',
                                    'E-182-1.npy',
                                    'E-196-20.npy',
                                    'E-168-27.npy',
                                    'E-185-20.npy',
                                    'E-194-20.npy',
                                    'E-198-1.npy',
                                    'E-189-20.npy',
                                    'E-197-27.npy',
                                    'E-162-1.npy',
                                    'E-161-5.npy',
                                    'E-198-20.npy',
                                    'E-105-5.npy',
                                    'E-135-5.npy',
                                    'E-125-20.npy',
                                    'E-106-20.npy',
                                    'E-183-1.npy',
                                    'E-112-1.npy',
                                    'E-176-1.npy',
                                    'E-110-27.npy',
                                    'E-100-5.npy',
                                    'E-146-27.npy',
                                    'E-155-20.npy',
                                    'E-119-27.npy',
                                    'E-178-20.npy',
                                    'E-123-27.npy',
                                    'E-110-20.npy',
                                    'E-104-20.npy',
                                    'E-168-1.npy',
                                    'E-143-1.npy',
                                    'E-147-1.npy',
                                    'E-111-27.npy',
                                    'E-163-5.npy',
                                    'E-161-27.npy',
                                    'E-178-5.npy',
                                    'E-191-20.npy',
                                    'E-134-5.npy',
                                    'E-118-20.npy',
                                    'E-117-1.npy',
                                    'E-183-20.npy',
                                    'E-108-27.npy',
                                    'E-147-27.npy',
                                    'E-143-5.npy',
                                    'E-160-20.npy',
                                    'E-194-1.npy',
                                    'E-197-5.npy',
                                    'E-183-27.npy',
                                    'E-170-27.npy',
                                    'E-114-20.npy',
                                    'E-130-5.npy',
                                    'E-112-27.npy',
                                    'E-136-5.npy',
                                    'E-191-1.npy',
                                    'E-131-1.npy',
                                    'E-159-27.npy',
                                    'E-187-27.npy',
                                    'E-189-27.npy',
                                    'E-194-27.npy',
                                    'E-133-5.npy',
                                    'E-144-20.npy',
                                    'E-142-1.npy',
                                    'E-141-27.npy',
                                    'E-193-27.npy',
                                    'E-172-1.npy',
                                    'E-139-20.npy',
                                    'E-121-5.npy',
                                    'E-165-20.npy',
                                    'E-179-1.npy',
                                    'E-167-27.npy',
                                    'E-166-20.npy',
                                    'E-109-1.npy',
                                    'E-113-1.npy',
                                    'E-134-1.npy',
                                    'E-163-1.npy',
                                    'E-138-20.npy',
                                    'E-186-27.npy',
                                    'E-129-27.npy',
                                    'E-118-27.npy',
                                    'E-141-20.npy',
                                    'E-122-1.npy',
                                    'E-123-20.npy',
                                    'E-176-5.npy',
                                    'E-179-5.npy',
                                    'E-195-5.npy',
                                    'E-185-5.npy',
                                    'E-199-20.npy',
                                    'E-106-5.npy',
                                    'E-120-20.npy',
                                    'E-101-5.npy',
                                    'E-114-5.npy',
                                    'E-180-27.npy',
                                    'E-170-1.npy',
                                    'E-166-1.npy',
                                    'E-165-1.npy',
                                    'E-192-5.npy',
                                    'E-182-5.npy',
                                    'E-139-1.npy',
                                    'E-103-20.npy',
                                    'E-191-5.npy',
                                    'E-155-1.npy',
                                    'E-126-20.npy',
                                    'E-174-20.npy',
                                    'E-160-5.npy',
                                    'E-156-20.npy',
                                    'E-141-1.npy',
                                    'E-102-5.npy',
                                    'E-144-27.npy',
                                    'E-151-5.npy',
                                    'E-195-27.npy',
                                    'E-157-20.npy',
                                    'E-142-5.npy',
                                    'E-170-5.npy',
                                    'E-162-20.npy',
                                    'E-174-5.npy',
                                    'E-168-20.npy',
                                    'E-189-5.npy',
                                    'E-193-20.npy',
                                    'E-113-20.npy',
                                    'E-102-27.npy',
                                    'E-147-20.npy',
                                    'E-105-1.npy',
                                    'E-133-20.npy',
                                    'E-109-5.npy',
                                    'E-121-20.npy',
                                    'E-158-20.npy',
                                    'E-111-20.npy',
                                    'E-104-27.npy',
                                    'E-164-20.npy',
                                    'E-153-20.npy',
                                    'E-172-5.npy',
                                    'E-124-20.npy',
                                    'E-157-5.npy',
                                    'E-153-27.npy',
                                    'E-166-5.npy',
                                    'E-109-27.npy',
                                    'E-188-1.npy',
                                    'E-184-20.npy',
                                    'E-151-20.npy',
                                    'E-182-20.npy',
                                    'E-115-27.npy',
                                    'E-121-27.npy',
                                    'E-177-27.npy',
                                    'E-187-20.npy',
                                    'E-153-1.npy',
                                    'E-136-20.npy',
                                    'E-139-27.npy',
                                    'E-130-1.npy',
                                    'E-186-20.npy',
                                    'E-155-27.npy',
                                    'E-198-5.npy',
                                    'E-154-1.npy',
                                    'E-184-27.npy',
                                    'E-162-27.npy',
                                    'E-149-1.npy',
                                    'E-178-27.npy',
                                    'E-175-1.npy',
                                    'E-143-27.npy',
                                    'E-187-1.npy',
                                    'E-145-27.npy',
                                    'E-126-27.npy',
                                    'E-190-1.npy',
                                    'E-122-27.npy',
                                    'E-127-20.npy',
                                    'E-130-27.npy',
                                    'E-160-1.npy',
                                    'E-197-20.npy',
                                    'E-127-5.npy',
                                    'E-159-1.npy',
                                    'E-192-27.npy',
                                    'E-152-27.npy',
                                    'E-185-27.npy',
                                    'E-113-27.npy',
                                    'E-112-20.npy',
                                    'E-134-20.npy',
                                    'E-107-1.npy',
                                    'E-153-5.npy',
                                    'E-167-1.npy',
                                    'E-119-1.npy',
                                    'E-127-1.npy',
                                    'E-147-5.npy',
                                    'E-148-27.npy',
                                    'E-138-1.npy',
                                    'E-102-1.npy',
                                    'E-165-5.npy',
                                    'E-112-5.npy',
                                    'E-197-1.npy',
                                    'E-137-20.npy',
                                    'E-127-27.npy',
                                    'E-161-1.npy',
                                    'E-108-20.npy',
                                    'E-181-5.npy',
                                    'E-108-1.npy',
                                    'E-199-5.npy',
                                    'E-156-27.npy',
                                    'E-155-5.npy',
                                    'E-132-27.npy',
                                    'E-172-20.npy',
                                    'E-118-5.npy',
                                    'E-148-5.npy',
                                    'E-154-27.npy',
                                    'E-128-20.npy',
                                    'E-100-20.npy',
                                    'E-180-1.npy',
                                    'E-149-5.npy',
                                    'E-140-1.npy',
                                    'E-164-27.npy',
                                    'E-179-20.npy',
                                    'E-191-27.npy',
                                    'E-122-20.npy',
                                    'E-137-5.npy',
                                    'E-128-27.npy',
                                    'E-182-27.npy',
                                    'E-135-20.npy',
                                    'E-184-5.npy',
                                    'E-193-5.npy',
                                    'E-116-1.npy',
                                    'E-189-1.npy',
                                    'E-121-1.npy',
                                    'E-109-20.npy',
                                    'E-123-5.npy',
                                    'E-186-1.npy',
                                    'E-156-5.npy',
                                    'E-187-5.npy',
                                    'E-156-1.npy',
                                    'E-129-5.npy',
                                    'E-123-1.npy',
                                    'E-100-1.npy',
                                    'E-117-27.npy',
                                    'E-101-20.npy',
                                    'E-177-20.npy',
                                    'E-185-1.npy',
                                    'E-120-27.npy',
                                    'E-105-20.npy',
                                    'E-145-20.npy',
                                    'E-126-1.npy',
                                    'E-120-1.npy',
                                    'E-164-1.npy',
                                    'E-125-1.npy',
                                    'E-116-5.npy',
                                    'E-169-27.npy',
                                    'E-110-5.npy',
                                    'E-144-1.npy',
                                    'E-134-27.npy',
                                    'E-107-27.npy',
                                    'E-132-5.npy',
                                    'E-119-20.npy',
                                    'E-100-27.npy',
                                    'E-132-1.npy',
                                    'E-114-1.npy',
                                    'E-181-1.npy',
                                    'E-146-20.npy',
                                    'E-106-27.npy',
                                    'E-188-5.npy',
                                    'E-172-27.npy',
                                    'E-171-20.npy',
                                    'E-152-20.npy',
                                    'E-115-5.npy',
                                    'E-179-27.npy'],
                      'T-*-*.npy': ['T-125-27.npy',
                                    'T-180-5.npy',
                                    'T-115-1.npy',
                                    'T-151-1.npy',
                                    'T-195-1.npy',
                                    'T-159-20.npy',
                                    'T-188-20.npy',
                                    'T-151-27.npy',
                                    'T-128-5.npy',
                                    'T-137-1.npy',
                                    'T-180-20.npy',
                                    'T-176-27.npy',
                                    'T-175-27.npy',
                                    'T-169-5.npy',
                                    'T-118-1.npy',
                                    'T-168-5.npy',
                                    'T-175-20.npy',
                                    'T-140-5.npy',
                                    'T-149-27.npy',
                                    'T-176-20.npy',
                                    'T-192-1.npy',
                                    'T-146-5.npy',
                                    'T-174-1.npy',
                                    'T-136-1.npy',
                                    'T-102-20.npy',
                                    'T-162-5.npy',
                                    'T-167-20.npy',
                                    'T-150-5.npy',
                                    'T-139-5.npy',
                                    'T-144-5.npy',
                                    'T-107-20.npy',
                                    'T-111-1.npy',
                                    'T-105-27.npy',
                                    'T-106-1.npy',
                                    'T-150-27.npy',
                                    'T-104-5.npy',
                                    'T-142-20.npy',
                                    'T-141-5.npy',
                                    'T-119-5.npy',
                                    'T-150-20.npy',
                                    'T-138-27.npy',
                                    'T-145-5.npy',
                                    'T-136-27.npy',
                                    'T-171-27.npy',
                                    'T-194-5.npy',
                                    'T-184-1.npy',
                                    'T-171-5.npy',
                                    'T-150-1.npy',
                                    'T-117-5.npy',
                                    'T-148-20.npy',
                                    'T-129-1.npy',
                                    'T-177-1.npy',
                                    'T-157-1.npy',
                                    'T-192-20.npy',
                                    'T-133-1.npy',
                                    'T-167-5.npy',
                                    'T-140-20.npy',
                                    'T-143-20.npy',
                                    'T-103-5.npy',
                                    'T-170-20.npy',
                                    'T-173-27.npy',
                                    'T-193-1.npy',
                                    'T-159-5.npy',
                                    'T-135-1.npy',
                                    'T-101-1.npy',
                                    'T-175-5.npy',
                                    'T-107-5.npy',
                                    'T-161-20.npy',
                                    'T-130-20.npy',
                                    'T-198-27.npy',
                                    'T-173-20.npy',
                                    'T-103-27.npy',
                                    'T-110-1.npy',
                                    'T-163-27.npy',
                                    'T-158-1.npy',
                                    'T-190-20.npy',
                                    'T-148-1.npy',
                                    'T-131-5.npy',
                                    'T-103-1.npy',
                                    'T-124-27.npy',
                                    'T-169-20.npy',
                                    'T-196-1.npy',
                                    'T-116-27.npy',
                                    'T-181-20.npy',
                                    'T-115-20.npy',
                                    'T-138-5.npy',
                                    'T-173-1.npy',
                                    'T-132-20.npy',
                                    'T-142-27.npy',
                                    'T-183-5.npy',
                                    'T-125-5.npy',
                                    'T-149-20.npy',
                                    'T-124-1.npy',
                                    'T-188-27.npy',
                                    'T-116-20.npy',
                                    'T-190-27.npy',
                                    'T-124-5.npy',
                                    'T-131-20.npy',
                                    'T-164-5.npy',
                                    'T-174-27.npy',
                                    'T-108-5.npy',
                                    'T-117-20.npy',
                                    'T-133-27.npy',
                                    'T-196-27.npy',
                                    'T-120-5.npy',
                                    'T-177-5.npy',
                                    'T-195-20.npy',
                                    'T-199-1.npy',
                                    'T-126-5.npy',
                                    'T-104-1.npy',
                                    'T-140-27.npy',
                                    'T-163-20.npy',
                                    'T-169-1.npy',
                                    'T-114-27.npy',
                                    'T-166-27.npy',
                                    'T-154-20.npy',
                                    'T-196-5.npy',
                                    'T-157-27.npy',
                                    'T-178-1.npy',
                                    'T-137-27.npy',
                                    'T-129-20.npy',
                                    'T-199-27.npy',
                                    'T-131-27.npy',
                                    'T-181-27.npy',
                                    'T-154-5.npy',
                                    'T-158-5.npy',
                                    'T-165-27.npy',
                                    'T-111-5.npy',
                                    'T-173-5.npy',
                                    'T-186-5.npy',
                                    'T-122-5.npy',
                                    'T-145-1.npy',
                                    'T-152-1.npy',
                                    'T-171-1.npy',
                                    'T-158-27.npy',
                                    'T-128-1.npy',
                                    'T-160-27.npy',
                                    'T-135-27.npy',
                                    'T-101-27.npy',
                                    'T-152-5.npy',
                                    'T-113-5.npy',
                                    'T-190-5.npy',
                                    'T-146-1.npy',
                                    'T-182-1.npy',
                                    'T-196-20.npy',
                                    'T-168-27.npy',
                                    'T-185-20.npy',
                                    'T-194-20.npy',
                                    'T-198-1.npy',
                                    'T-189-20.npy',
                                    'T-197-27.npy',
                                    'T-162-1.npy',
                                    'T-161-5.npy',
                                    'T-198-20.npy',
                                    'T-105-5.npy',
                                    'T-135-5.npy',
                                    'T-125-20.npy',
                                    'T-106-20.npy',
                                    'T-183-1.npy',
                                    'T-112-1.npy',
                                    'T-176-1.npy',
                                    'T-110-27.npy',
                                    'T-100-5.npy',
                                    'T-146-27.npy',
                                    'T-155-20.npy',
                                    'T-119-27.npy',
                                    'T-178-20.npy',
                                    'T-123-27.npy',
                                    'T-110-20.npy',
                                    'T-104-20.npy',
                                    'T-168-1.npy',
                                    'T-143-1.npy',
                                    'T-147-1.npy',
                                    'T-111-27.npy',
                                    'T-163-5.npy',
                                    'T-161-27.npy',
                                    'T-178-5.npy',
                                    'T-191-20.npy',
                                    'T-134-5.npy',
                                    'T-118-20.npy',
                                    'T-117-1.npy',
                                    'T-183-20.npy',
                                    'T-108-27.npy',
                                    'T-147-27.npy',
                                    'T-143-5.npy',
                                    'T-160-20.npy',
                                    'T-194-1.npy',
                                    'T-197-5.npy',
                                    'T-183-27.npy',
                                    'T-170-27.npy',
                                    'T-114-20.npy',
                                    'T-130-5.npy',
                                    'T-112-27.npy',
                                    'T-136-5.npy',
                                    'T-191-1.npy',
                                    'T-131-1.npy',
                                    'T-159-27.npy',
                                    'T-187-27.npy',
                                    'T-189-27.npy',
                                    'T-194-27.npy',
                                    'T-133-5.npy',
                                    'T-144-20.npy',
                                    'T-142-1.npy',
                                    'T-141-27.npy',
                                    'T-193-27.npy',
                                    'T-172-1.npy',
                                    'T-139-20.npy',
                                    'T-121-5.npy',
                                    'T-165-20.npy',
                                    'T-179-1.npy',
                                    'T-167-27.npy',
                                    'T-166-20.npy',
                                    'T-109-1.npy',
                                    'T-113-1.npy',
                                    'T-134-1.npy',
                                    'T-163-1.npy',
                                    'T-138-20.npy',
                                    'T-186-27.npy',
                                    'T-129-27.npy',
                                    'T-118-27.npy',
                                    'T-141-20.npy',
                                    'T-122-1.npy',
                                    'T-123-20.npy',
                                    'T-176-5.npy',
                                    'T-179-5.npy',
                                    'T-195-5.npy',
                                    'T-185-5.npy',
                                    'T-199-20.npy',
                                    'T-106-5.npy',
                                    'T-120-20.npy',
                                    'T-101-5.npy',
                                    'T-114-5.npy',
                                    'T-180-27.npy',
                                    'T-170-1.npy',
                                    'T-166-1.npy',
                                    'T-165-1.npy',
                                    'T-192-5.npy',
                                    'T-182-5.npy',
                                    'T-139-1.npy',
                                    'T-103-20.npy',
                                    'T-191-5.npy',
                                    'T-155-1.npy',
                                    'T-126-20.npy',
                                    'T-174-20.npy',
                                    'T-160-5.npy',
                                    'T-156-20.npy',
                                    'T-141-1.npy',
                                    'T-102-5.npy',
                                    'T-144-27.npy',
                                    'T-151-5.npy',
                                    'T-195-27.npy',
                                    'T-157-20.npy',
                                    'T-142-5.npy',
                                    'T-170-5.npy',
                                    'T-162-20.npy',
                                    'T-174-5.npy',
                                    'T-168-20.npy',
                                    'T-189-5.npy',
                                    'T-193-20.npy',
                                    'T-113-20.npy',
                                    'T-102-27.npy',
                                    'T-147-20.npy',
                                    'T-105-1.npy',
                                    'T-133-20.npy',
                                    'T-109-5.npy',
                                    'T-121-20.npy',
                                    'T-158-20.npy',
                                    'T-111-20.npy',
                                    'T-104-27.npy',
                                    'T-164-20.npy',
                                    'T-153-20.npy',
                                    'T-172-5.npy',
                                    'T-124-20.npy',
                                    'T-157-5.npy',
                                    'T-153-27.npy',
                                    'T-166-5.npy',
                                    'T-109-27.npy',
                                    'T-188-1.npy',
                                    'T-184-20.npy',
                                    'T-151-20.npy',
                                    'T-182-20.npy',
                                    'T-115-27.npy',
                                    'T-121-27.npy',
                                    'T-177-27.npy',
                                    'T-187-20.npy',
                                    'T-153-1.npy',
                                    'T-136-20.npy',
                                    'T-139-27.npy',
                                    'T-130-1.npy',
                                    'T-186-20.npy',
                                    'T-155-27.npy',
                                    'T-198-5.npy',
                                    'T-154-1.npy',
                                    'T-184-27.npy',
                                    'T-162-27.npy',
                                    'T-149-1.npy',
                                    'T-178-27.npy',
                                    'T-175-1.npy',
                                    'T-143-27.npy',
                                    'T-187-1.npy',
                                    'T-145-27.npy',
                                    'T-126-27.npy',
                                    'T-190-1.npy',
                                    'T-122-27.npy',
                                    'T-127-20.npy',
                                    'T-130-27.npy',
                                    'T-160-1.npy',
                                    'T-197-20.npy',
                                    'T-127-5.npy',
                                    'T-159-1.npy',
                                    'T-192-27.npy',
                                    'T-152-27.npy',
                                    'T-185-27.npy',
                                    'T-113-27.npy',
                                    'T-112-20.npy',
                                    'T-134-20.npy',
                                    'T-107-1.npy',
                                    'T-153-5.npy',
                                    'T-167-1.npy',
                                    'T-119-1.npy',
                                    'T-127-1.npy',
                                    'T-147-5.npy',
                                    'T-148-27.npy',
                                    'T-138-1.npy',
                                    'T-102-1.npy',
                                    'T-165-5.npy',
                                    'T-112-5.npy',
                                    'T-197-1.npy',
                                    'T-137-20.npy',
                                    'T-127-27.npy',
                                    'T-161-1.npy',
                                    'T-108-20.npy',
                                    'T-181-5.npy',
                                    'T-108-1.npy',
                                    'T-199-5.npy',
                                    'T-156-27.npy',
                                    'T-155-5.npy',
                                    'T-132-27.npy',
                                    'T-172-20.npy',
                                    'T-118-5.npy',
                                    'T-148-5.npy',
                                    'T-154-27.npy',
                                    'T-128-20.npy',
                                    'T-100-20.npy',
                                    'T-180-1.npy',
                                    'T-149-5.npy',
                                    'T-140-1.npy',
                                    'T-164-27.npy',
                                    'T-179-20.npy',
                                    'T-191-27.npy',
                                    'T-122-20.npy',
                                    'T-137-5.npy',
                                    'T-128-27.npy',
                                    'T-182-27.npy',
                                    'T-135-20.npy',
                                    'T-184-5.npy',
                                    'T-193-5.npy',
                                    'T-116-1.npy',
                                    'T-189-1.npy',
                                    'T-121-1.npy',
                                    'T-109-20.npy',
                                    'T-123-5.npy',
                                    'T-186-1.npy',
                                    'T-156-5.npy',
                                    'T-187-5.npy',
                                    'T-156-1.npy',
                                    'T-129-5.npy',
                                    'T-123-1.npy',
                                    'T-100-1.npy',
                                    'T-117-27.npy',
                                    'T-101-20.npy',
                                    'T-177-20.npy',
                                    'T-185-1.npy',
                                    'T-120-27.npy',
                                    'T-105-20.npy',
                                    'T-145-20.npy',
                                    'T-126-1.npy',
                                    'T-120-1.npy',
                                    'T-164-1.npy',
                                    'T-125-1.npy',
                                    'T-116-5.npy',
                                    'T-169-27.npy',
                                    'T-110-5.npy',
                                    'T-144-1.npy',
                                    'T-134-27.npy',
                                    'T-107-27.npy',
                                    'T-132-5.npy',
                                    'T-119-20.npy',
                                    'T-100-27.npy',
                                    'T-132-1.npy',
                                    'T-114-1.npy',
                                    'T-181-1.npy',
                                    'T-146-20.npy',
                                    'T-106-27.npy',
                                    'T-188-5.npy',
                                    'T-172-27.npy',
                                    'T-171-20.npy',
                                    'T-152-20.npy',
                                    'T-115-5.npy',
                                    'T-179-27.npy'],
                      'gas-*-*.npy': ['gas-125-27.npy',
                                      'gas-180-5.npy',
                                      'gas-115-1.npy',
                                      'gas-151-1.npy',
                                      'gas-195-1.npy',
                                      'gas-159-20.npy',
                                      'gas-188-20.npy',
                                      'gas-151-27.npy',
                                      'gas-128-5.npy',
                                      'gas-137-1.npy',
                                      'gas-180-20.npy',
                                      'gas-176-27.npy',
                                      'gas-175-27.npy',
                                      'gas-169-5.npy',
                                      'gas-118-1.npy',
                                      'gas-168-5.npy',
                                      'gas-175-20.npy',
                                      'gas-140-5.npy',
                                      'gas-149-27.npy',
                                      'gas-176-20.npy',
                                      'gas-192-1.npy',
                                      'gas-146-5.npy',
                                      'gas-174-1.npy',
                                      'gas-136-1.npy',
                                      'gas-102-20.npy',
                                      'gas-162-5.npy',
                                      'gas-167-20.npy',
                                      'gas-150-5.npy',
                                      'gas-139-5.npy',
                                      'gas-144-5.npy',
                                      'gas-107-20.npy',
                                      'gas-111-1.npy',
                                      'gas-105-27.npy',
                                      'gas-106-1.npy',
                                      'gas-150-27.npy',
                                      'gas-104-5.npy',
                                      'gas-142-20.npy',
                                      'gas-141-5.npy',
                                      'gas-119-5.npy',
                                      'gas-150-20.npy',
                                      'gas-138-27.npy',
                                      'gas-145-5.npy',
                                      'gas-136-27.npy',
                                      'gas-171-27.npy',
                                      'gas-194-5.npy',
                                      'gas-184-1.npy',
                                      'gas-171-5.npy',
                                      'gas-150-1.npy',
                                      'gas-117-5.npy',
                                      'gas-148-20.npy',
                                      'gas-129-1.npy',
                                      'gas-177-1.npy',
                                      'gas-157-1.npy',
                                      'gas-192-20.npy',
                                      'gas-133-1.npy',
                                      'gas-167-5.npy',
                                      'gas-140-20.npy',
                                      'gas-143-20.npy',
                                      'gas-103-5.npy',
                                      'gas-170-20.npy',
                                      'gas-173-27.npy',
                                      'gas-193-1.npy',
                                      'gas-159-5.npy',
                                      'gas-135-1.npy',
                                      'gas-101-1.npy',
                                      'gas-175-5.npy',
                                      'gas-107-5.npy',
                                      'gas-161-20.npy',
                                      'gas-130-20.npy',
                                      'gas-198-27.npy',
                                      'gas-173-20.npy',
                                      'gas-103-27.npy',
                                      'gas-110-1.npy',
                                      'gas-163-27.npy',
                                      'gas-158-1.npy',
                                      'gas-190-20.npy',
                                      'gas-148-1.npy',
                                      'gas-131-5.npy',
                                      'gas-103-1.npy',
                                      'gas-124-27.npy',
                                      'gas-169-20.npy',
                                      'gas-196-1.npy',
                                      'gas-116-27.npy',
                                      'gas-181-20.npy',
                                      'gas-115-20.npy',
                                      'gas-138-5.npy',
                                      'gas-173-1.npy',
                                      'gas-132-20.npy',
                                      'gas-142-27.npy',
                                      'gas-183-5.npy',
                                      'gas-125-5.npy',
                                      'gas-149-20.npy',
                                      'gas-124-1.npy',
                                      'gas-188-27.npy',
                                      'gas-116-20.npy',
                                      'gas-190-27.npy',
                                      'gas-124-5.npy',
                                      'gas-131-20.npy',
                                      'gas-164-5.npy',
                                      'gas-174-27.npy',
                                      'gas-108-5.npy',
                                      'gas-117-20.npy',
                                      'gas-133-27.npy',
                                      'gas-196-27.npy',
                                      'gas-120-5.npy',
                                      'gas-177-5.npy',
                                      'gas-195-20.npy',
                                      'gas-199-1.npy',
                                      'gas-126-5.npy',
                                      'gas-104-1.npy',
                                      'gas-140-27.npy',
                                      'gas-163-20.npy',
                                      'gas-169-1.npy',
                                      'gas-114-27.npy',
                                      'gas-166-27.npy',
                                      'gas-154-20.npy',
                                      'gas-196-5.npy',
                                      'gas-157-27.npy',
                                      'gas-178-1.npy',
                                      'gas-137-27.npy',
                                      'gas-129-20.npy',
                                      'gas-199-27.npy',
                                      'gas-131-27.npy',
                                      'gas-181-27.npy',
                                      'gas-154-5.npy',
                                      'gas-158-5.npy',
                                      'gas-165-27.npy',
                                      'gas-111-5.npy',
                                      'gas-173-5.npy',
                                      'gas-186-5.npy',
                                      'gas-122-5.npy',
                                      'gas-145-1.npy',
                                      'gas-152-1.npy',
                                      'gas-171-1.npy',
                                      'gas-158-27.npy',
                                      'gas-128-1.npy',
                                      'gas-160-27.npy',
                                      'gas-135-27.npy',
                                      'gas-101-27.npy',
                                      'gas-152-5.npy',
                                      'gas-113-5.npy',
                                      'gas-190-5.npy',
                                      'gas-146-1.npy',
                                      'gas-182-1.npy',
                                      'gas-196-20.npy',
                                      'gas-168-27.npy',
                                      'gas-185-20.npy',
                                      'gas-194-20.npy',
                                      'gas-198-1.npy',
                                      'gas-189-20.npy',
                                      'gas-197-27.npy',
                                      'gas-162-1.npy',
                                      'gas-161-5.npy',
                                      'gas-198-20.npy',
                                      'gas-105-5.npy',
                                      'gas-135-5.npy',
                                      'gas-125-20.npy',
                                      'gas-106-20.npy',
                                      'gas-183-1.npy',
                                      'gas-112-1.npy',
                                      'gas-176-1.npy',
                                      'gas-110-27.npy',
                                      'gas-100-5.npy',
                                      'gas-146-27.npy',
                                      'gas-155-20.npy',
                                      'gas-119-27.npy',
                                      'gas-178-20.npy',
                                      'gas-123-27.npy',
                                      'gas-110-20.npy',
                                      'gas-104-20.npy',
                                      'gas-168-1.npy',
                                      'gas-143-1.npy',
                                      'gas-147-1.npy',
                                      'gas-111-27.npy',
                                      'gas-163-5.npy',
                                      'gas-161-27.npy',
                                      'gas-178-5.npy',
                                      'gas-191-20.npy',
                                      'gas-134-5.npy',
                                      'gas-118-20.npy',
                                      'gas-117-1.npy',
                                      'gas-183-20.npy',
                                      'gas-108-27.npy',
                                      'gas-147-27.npy',
                                      'gas-143-5.npy',
                                      'gas-160-20.npy',
                                      'gas-194-1.npy',
                                      'gas-197-5.npy',
                                      'gas-183-27.npy',
                                      'gas-170-27.npy',
                                      'gas-114-20.npy',
                                      'gas-130-5.npy',
                                      'gas-112-27.npy',
                                      'gas-136-5.npy',
                                      'gas-191-1.npy',
                                      'gas-131-1.npy',
                                      'gas-159-27.npy',
                                      'gas-187-27.npy',
                                      'gas-189-27.npy',
                                      'gas-194-27.npy',
                                      'gas-133-5.npy',
                                      'gas-144-20.npy',
                                      'gas-142-1.npy',
                                      'gas-141-27.npy',
                                      'gas-193-27.npy',
                                      'gas-172-1.npy',
                                      'gas-139-20.npy',
                                      'gas-121-5.npy',
                                      'gas-165-20.npy',
                                      'gas-179-1.npy',
                                      'gas-167-27.npy',
                                      'gas-166-20.npy',
                                      'gas-109-1.npy',
                                      'gas-113-1.npy',
                                      'gas-134-1.npy',
                                      'gas-163-1.npy',
                                      'gas-138-20.npy',
                                      'gas-186-27.npy',
                                      'gas-129-27.npy',
                                      'gas-118-27.npy',
                                      'gas-141-20.npy',
                                      'gas-122-1.npy',
                                      'gas-123-20.npy',
                                      'gas-176-5.npy',
                                      'gas-179-5.npy',
                                      'gas-195-5.npy',
                                      'gas-185-5.npy',
                                      'gas-199-20.npy',
                                      'gas-106-5.npy',
                                      'gas-120-20.npy',
                                      'gas-101-5.npy',
                                      'gas-114-5.npy',
                                      'gas-180-27.npy',
                                      'gas-170-1.npy',
                                      'gas-166-1.npy',
                                      'gas-165-1.npy',
                                      'gas-192-5.npy',
                                      'gas-182-5.npy',
                                      'gas-139-1.npy',
                                      'gas-103-20.npy',
                                      'gas-191-5.npy',
                                      'gas-155-1.npy',
                                      'gas-126-20.npy',
                                      'gas-174-20.npy',
                                      'gas-160-5.npy',
                                      'gas-156-20.npy',
                                      'gas-141-1.npy',
                                      'gas-102-5.npy',
                                      'gas-144-27.npy',
                                      'gas-151-5.npy',
                                      'gas-195-27.npy',
                                      'gas-157-20.npy',
                                      'gas-142-5.npy',
                                      'gas-170-5.npy',
                                      'gas-162-20.npy',
                                      'gas-174-5.npy',
                                      'gas-168-20.npy',
                                      'gas-189-5.npy',
                                      'gas-193-20.npy',
                                      'gas-113-20.npy',
                                      'gas-102-27.npy',
                                      'gas-147-20.npy',
                                      'gas-105-1.npy',
                                      'gas-133-20.npy',
                                      'gas-109-5.npy',
                                      'gas-121-20.npy',
                                      'gas-158-20.npy',
                                      'gas-111-20.npy',
                                      'gas-104-27.npy',
                                      'gas-164-20.npy',
                                      'gas-153-20.npy',
                                      'gas-172-5.npy',
                                      'gas-124-20.npy',
                                      'gas-157-5.npy',
                                      'gas-153-27.npy',
                                      'gas-166-5.npy',
                                      'gas-109-27.npy',
                                      'gas-188-1.npy',
                                      'gas-184-20.npy',
                                      'gas-151-20.npy',
                                      'gas-182-20.npy',
                                      'gas-115-27.npy',
                                      'gas-121-27.npy',
                                      'gas-177-27.npy',
                                      'gas-187-20.npy',
                                      'gas-153-1.npy',
                                      'gas-136-20.npy',
                                      'gas-139-27.npy',
                                      'gas-130-1.npy',
                                      'gas-186-20.npy',
                                      'gas-155-27.npy',
                                      'gas-198-5.npy',
                                      'gas-154-1.npy',
                                      'gas-184-27.npy',
                                      'gas-162-27.npy',
                                      'gas-149-1.npy',
                                      'gas-178-27.npy',
                                      'gas-175-1.npy',
                                      'gas-143-27.npy',
                                      'gas-187-1.npy',
                                      'gas-145-27.npy',
                                      'gas-126-27.npy',
                                      'gas-190-1.npy',
                                      'gas-122-27.npy',
                                      'gas-127-20.npy',
                                      'gas-130-27.npy',
                                      'gas-160-1.npy',
                                      'gas-197-20.npy',
                                      'gas-127-5.npy',
                                      'gas-159-1.npy',
                                      'gas-192-27.npy',
                                      'gas-152-27.npy',
                                      'gas-185-27.npy',
                                      'gas-113-27.npy',
                                      'gas-112-20.npy',
                                      'gas-134-20.npy',
                                      'gas-107-1.npy',
                                      'gas-153-5.npy',
                                      'gas-167-1.npy',
                                      'gas-119-1.npy',
                                      'gas-127-1.npy',
                                      'gas-147-5.npy',
                                      'gas-148-27.npy',
                                      'gas-138-1.npy',
                                      'gas-102-1.npy',
                                      'gas-165-5.npy',
                                      'gas-112-5.npy',
                                      'gas-197-1.npy',
                                      'gas-137-20.npy',
                                      'gas-127-27.npy',
                                      'gas-161-1.npy',
                                      'gas-108-20.npy',
                                      'gas-181-5.npy',
                                      'gas-108-1.npy',
                                      'gas-199-5.npy',
                                      'gas-156-27.npy',
                                      'gas-155-5.npy',
                                      'gas-132-27.npy',
                                      'gas-172-20.npy',
                                      'gas-118-5.npy',
                                      'gas-148-5.npy',
                                      'gas-154-27.npy',
                                      'gas-128-20.npy',
                                      'gas-100-20.npy',
                                      'gas-180-1.npy',
                                      'gas-149-5.npy',
                                      'gas-140-1.npy',
                                      'gas-164-27.npy',
                                      'gas-179-20.npy',
                                      'gas-191-27.npy',
                                      'gas-122-20.npy',
                                      'gas-137-5.npy',
                                      'gas-128-27.npy',
                                      'gas-182-27.npy',
                                      'gas-135-20.npy',
                                      'gas-184-5.npy',
                                      'gas-193-5.npy',
                                      'gas-116-1.npy',
                                      'gas-189-1.npy',
                                      'gas-121-1.npy',
                                      'gas-109-20.npy',
                                      'gas-123-5.npy',
                                      'gas-186-1.npy',
                                      'gas-156-5.npy',
                                      'gas-187-5.npy',
                                      'gas-156-1.npy',
                                      'gas-129-5.npy',
                                      'gas-123-1.npy',
                                      'gas-100-1.npy',
                                      'gas-117-27.npy',
                                      'gas-101-20.npy',
                                      'gas-177-20.npy',
                                      'gas-185-1.npy',
                                      'gas-120-27.npy',
                                      'gas-105-20.npy',
                                      'gas-145-20.npy',
                                      'gas-126-1.npy',
                                      'gas-120-1.npy',
                                      'gas-164-1.npy',
                                      'gas-125-1.npy',
                                      'gas-116-5.npy',
                                      'gas-169-27.npy',
                                      'gas-110-5.npy',
                                      'gas-144-1.npy',
                                      'gas-134-27.npy',
                                      'gas-107-27.npy',
                                      'gas-132-5.npy',
                                      'gas-119-20.npy',
                                      'gas-100-27.npy',
                                      'gas-132-1.npy',
                                      'gas-114-1.npy',
                                      'gas-181-1.npy',
                                      'gas-146-20.npy',
                                      'gas-106-27.npy',
                                      'gas-188-5.npy',
                                      'gas-172-27.npy',
                                      'gas-171-20.npy',
                                      'gas-152-20.npy',
                                      'gas-115-5.npy',
                                      'gas-179-27.npy']}}

Total number of style files: 400

Dataset: Test

Input files info:
{'1_total_num_fields_in': 1,
 '2_num_files_per_pattern': {'DMO-10-2.npy': 1},
 '3_all_files_used': {'DMO-10-2.npy': ['DMO-10-2.npy']}}

Target files info:
{'1_total_num_fields_tgt': 1,
 '2_num_files_per_pattern': {'DM-10-2.npy': 1,
                             'E-10-2.npy': 1,
                             'T-10-2.npy': 1,
                             'gas-10-2.npy': 1},
 '3_all_files_used': {'DM-10-2.npy': ['DM-10-2.npy'],
                      'E-10-2.npy': ['E-10-2.npy'],
                      'T-10-2.npy': ['T-10-2.npy'],
                      'gas-10-2.npy': ['gas-10-2.npy']}}

Total number of style files: 1

