Dataset: Training

Input files info:
{'1_total_num_fields_in': 654,
 '2_num_files_per_pattern': {'DMO-*-*.npy': 654},
 '3_all_files_used': {'DMO-*-*.npy': ['DMO-117-20.npy',
                                      'DMO-192-27.npy',
                                      'DMO-110-1.npy',
                                      'DMO-182-20.npy',
                                      'DMO-16-33.npy',
                                      'DMO-124-0.npy',
                                      'DMO-177-0.npy',
                                      'DMO-146-0.npy',
                                      'DMO-128-0.npy',
                                      'DMO-164-20.npy',
                                      'DMO-132-20.npy',
                                      'DMO-148-5.npy',
                                      'DMO-127-5.npy',
                                      'DMO-181-0.npy',
                                      'DMO-187-5.npy',
                                      'DMO-130-1.npy',
                                      'DMO-133-0.npy',
                                      'DMO-169-33.npy',
                                      'DMO-165-5.npy',
                                      'DMO-172-1.npy',
                                      'DMO-124-33.npy',
                                      'DMO-161-20.npy',
                                      'DMO-141-1.npy',
                                      'DMO-15-1.npy',
                                      'DMO-144-1.npy',
                                      'DMO-146-5.npy',
                                      'DMO-184-5.npy',
                                      'DMO-128-20.npy',
                                      'DMO-157-20.npy',
                                      'DMO-189-0.npy',
                                      'DMO-139-1.npy',
                                      'DMO-104-5.npy',
                                      'DMO-105-20.npy',
                                      'DMO-17-1.npy',
                                      'DMO-164-5.npy',
                                      'DMO-18-0.npy',
                                      'DMO-156-0.npy',
                                      'DMO-142-5.npy',
                                      'DMO-192-20.npy',
                                      'DMO-11-20.npy',
                                      'DMO-146-33.npy',
                                      'DMO-197-20.npy',
                                      'DMO-192-5.npy',
                                      'DMO-143-5.npy',
                                      'DMO-173-5.npy',
                                      'DMO-129-33.npy',
                                      'DMO-198-20.npy',
                                      'DMO-163-1.npy',
                                      'DMO-149-33.npy',
                                      'DMO-170-20.npy',
                                      'DMO-115-0.npy',
                                      'DMO-171-1.npy',
                                      'DMO-118-27.npy',
                                      'DMO-142-20.npy',
                                      'DMO-18-1.npy',
                                      'DMO-159-33.npy',
                                      'DMO-106-0.npy',
                                      'DMO-108-0.npy',
                                      'DMO-15-0.npy',
                                      'DMO-195-20.npy',
                                      'DMO-158-20.npy',
                                      'DMO-111-20.npy',
                                      'DMO-140-1.npy',
                                      'DMO-157-5.npy',
                                      'DMO-195-33.npy',
                                      'DMO-181-5.npy',
                                      'DMO-121-0.npy',
                                      'DMO-196-33.npy',
                                      'DMO-159-1.npy',
                                      'DMO-167-20.npy',
                                      'DMO-184-0.npy',
                                      'DMO-145-33.npy',
                                      'DMO-105-1.npy',
                                      'DMO-168-5.npy',
                                      'DMO-194-0.npy',
                                      'DMO-120-27.npy',
                                      'DMO-11-0.npy',
                                      'DMO-13-33.npy',
                                      'DMO-140-20.npy',
                                      'DMO-114-33.npy',
                                      'DMO-178-33.npy',
                                      'DMO-177-5.npy',
                                      'DMO-131-1.npy',
                                      'DMO-168-27.npy',
                                      'DMO-110-33.npy',
                                      'DMO-166-0.npy',
                                      'DMO-160-1.npy',
                                      'DMO-190-5.npy',
                                      'DMO-170-5.npy',
                                      'DMO-107-5.npy',
                                      'DMO-100-5.npy',
                                      'DMO-160-33.npy',
                                      'DMO-179-20.npy',
                                      'DMO-162-33.npy',
                                      'DMO-108-1.npy',
                                      'DMO-149-0.npy',
                                      'DMO-140-33.npy',
                                      'DMO-144-33.npy',
                                      'DMO-116-1.npy',
                                      'DMO-117-27.npy',
                                      'DMO-103-0.npy',
                                      'DMO-115-5.npy',
                                      'DMO-124-5.npy',
                                      'DMO-136-33.npy',
                                      'DMO-106-20.npy',
                                      'DMO-184-20.npy',
                                      'DMO-134-0.npy',
                                      'DMO-139-20.npy',
                                      'DMO-166-5.npy',
                                      'DMO-11-33.npy',
                                      'DMO-107-1.npy',
                                      'DMO-183-5.npy',
                                      'DMO-147-20.npy',
                                      'DMO-139-5.npy',
                                      'DMO-170-27.npy',
                                      'DMO-179-27.npy',
                                      'DMO-103-1.npy',
                                      'DMO-197-33.npy',
                                      'DMO-138-33.npy',
                                      'DMO-180-5.npy',
                                      'DMO-152-0.npy',
                                      'DMO-113-5.npy',
                                      'DMO-105-5.npy',
                                      'DMO-17-27.npy',
                                      'DMO-192-33.npy',
                                      'DMO-132-33.npy',
                                      'DMO-132-1.npy',
                                      'DMO-171-5.npy',
                                      'DMO-166-20.npy',
                                      'DMO-136-0.npy',
                                      'DMO-172-0.npy',
                                      'DMO-155-1.npy',
                                      'DMO-113-27.npy',
                                      'DMO-17-20.npy',
                                      'DMO-108-20.npy',
                                      'DMO-142-27.npy',
                                      'DMO-134-20.npy',
                                      'DMO-174-5.npy',
                                      'DMO-111-27.npy',
                                      'DMO-185-33.npy',
                                      'DMO-166-33.npy',
                                      'DMO-131-33.npy',
                                      'DMO-165-1.npy',
                                      'DMO-151-0.npy',
                                      'DMO-138-27.npy',
                                      'DMO-179-33.npy',
                                      'DMO-172-33.npy',
                                      'DMO-124-27.npy',
                                      'DMO-105-27.npy',
                                      'DMO-131-20.npy',
                                      'DMO-160-0.npy',
                                      'DMO-133-27.npy',
                                      'DMO-188-5.npy',
                                      'DMO-153-20.npy',
                                      'DMO-161-33.npy',
                                      'DMO-14-0.npy',
                                      'DMO-150-5.npy',
                                      'DMO-138-5.npy',
                                      'DMO-170-0.npy',
                                      'DMO-188-20.npy',
                                      'DMO-106-27.npy',
                                      'DMO-142-0.npy',
                                      'DMO-178-1.npy',
                                      'DMO-129-1.npy',
                                      'DMO-135-27.npy',
                                      'DMO-195-0.npy',
                                      'DMO-193-33.npy',
                                      'DMO-126-0.npy',
                                      'DMO-145-1.npy',
                                      'DMO-127-20.npy',
                                      'DMO-180-33.npy',
                                      'DMO-11-27.npy',
                                      'DMO-140-0.npy',
                                      'DMO-138-1.npy',
                                      'DMO-190-20.npy',
                                      'DMO-187-27.npy',
                                      'DMO-14-1.npy',
                                      'DMO-191-27.npy',
                                      'DMO-148-33.npy',
                                      'DMO-198-1.npy',
                                      'DMO-110-0.npy',
                                      'DMO-192-1.npy',
                                      'DMO-165-33.npy',
                                      'DMO-151-27.npy',
                                      'DMO-103-33.npy',
                                      'DMO-112-1.npy',
                                      'DMO-186-27.npy',
                                      'DMO-188-33.npy',
                                      'DMO-110-27.npy',
                                      'DMO-100-1.npy',
                                      'DMO-136-5.npy',
                                      'DMO-169-20.npy',
                                      'DMO-101-5.npy',
                                      'DMO-117-1.npy',
                                      'DMO-183-33.npy',
                                      'DMO-154-27.npy',
                                      'DMO-129-5.npy',
                                      'DMO-19-1.npy',
                                      'DMO-195-27.npy',
                                      'DMO-167-1.npy',
                                      'DMO-138-0.npy',
                                      'DMO-121-27.npy',
                                      'DMO-199-5.npy',
                                      'DMO-165-0.npy',
                                      'DMO-197-5.npy',
                                      'DMO-183-0.npy',
                                      'DMO-152-27.npy',
                                      'DMO-147-27.npy',
                                      'DMO-179-5.npy',
                                      'DMO-189-5.npy',
                                      'DMO-119-5.npy',
                                      'DMO-11-1.npy',
                                      'DMO-159-5.npy',
                                      'DMO-139-27.npy',
                                      'DMO-123-33.npy',
                                      'DMO-124-20.npy',
                                      'DMO-114-20.npy',
                                      'DMO-164-33.npy',
                                      'DMO-114-27.npy',
                                      'DMO-15-27.npy',
                                      'DMO-138-20.npy',
                                      'DMO-118-20.npy',
                                      'DMO-15-33.npy',
                                      'DMO-126-20.npy',
                                      'DMO-190-0.npy',
                                      'DMO-148-27.npy',
                                      'DMO-102-1.npy',
                                      'DMO-178-20.npy',
                                      'DMO-199-33.npy',
                                      'DMO-109-33.npy',
                                      'DMO-111-1.npy',
                                      'DMO-199-27.npy',
                                      'DMO-161-27.npy',
                                      'DMO-19-27.npy',
                                      'DMO-100-33.npy',
                                      'DMO-117-0.npy',
                                      'DMO-194-20.npy',
                                      'DMO-180-27.npy',
                                      'DMO-104-20.npy',
                                      'DMO-172-27.npy',
                                      'DMO-12-1.npy',
                                      'DMO-188-27.npy',
                                      'DMO-123-1.npy',
                                      'DMO-190-27.npy',
                                      'DMO-125-33.npy',
                                      'DMO-16-5.npy',
                                      'DMO-100-27.npy',
                                      'DMO-157-1.npy',
                                      'DMO-174-1.npy',
                                      'DMO-167-33.npy',
                                      'DMO-112-20.npy',
                                      'DMO-119-1.npy',
                                      'DMO-101-20.npy',
                                      'DMO-196-5.npy',
                                      'DMO-184-33.npy',
                                      'DMO-137-5.npy',
                                      'DMO-183-20.npy',
                                      'DMO-107-33.npy',
                                      'DMO-173-27.npy',
                                      'DMO-195-1.npy',
                                      'DMO-16-0.npy',
                                      'DMO-113-0.npy',
                                      'DMO-190-33.npy',
                                      'DMO-106-5.npy',
                                      'DMO-180-20.npy',
                                      'DMO-155-33.npy',
                                      'DMO-150-33.npy',
                                      'DMO-113-20.npy',
                                      'DMO-144-5.npy',
                                      'DMO-13-20.npy',
                                      'DMO-193-0.npy',
                                      'DMO-120-33.npy',
                                      'DMO-162-27.npy',
                                      'DMO-135-20.npy',
                                      'DMO-178-0.npy',
                                      'DMO-153-5.npy',
                                      'DMO-147-33.npy',
                                      'DMO-134-5.npy',
                                      'DMO-172-5.npy',
                                      'DMO-153-33.npy',
                                      'DMO-146-1.npy',
                                      'DMO-135-1.npy',
                                      'DMO-108-27.npy',
                                      'DMO-183-27.npy',
                                      'DMO-123-5.npy',
                                      'DMO-102-33.npy',
                                      'DMO-146-27.npy',
                                      'DMO-156-1.npy',
                                      'DMO-178-27.npy',
                                      'DMO-141-5.npy',
                                      'DMO-134-33.npy',
                                      'DMO-168-1.npy',
                                      'DMO-179-0.npy',
                                      'DMO-152-1.npy',
                                      'DMO-187-33.npy',
                                      'DMO-199-1.npy',
                                      'DMO-194-5.npy',
                                      'DMO-162-5.npy',
                                      'DMO-19-20.npy',
                                      'DMO-182-1.npy',
                                      'DMO-174-0.npy',
                                      'DMO-171-33.npy',
                                      'DMO-175-27.npy',
                                      'DMO-157-0.npy',
                                      'DMO-141-0.npy',
                                      'DMO-122-5.npy',
                                      'DMO-115-33.npy',
                                      'DMO-116-27.npy',
                                      'DMO-109-5.npy',
                                      'DMO-103-20.npy',
                                      'DMO-137-1.npy',
                                      'DMO-161-1.npy',
                                      'DMO-143-27.npy',
                                      'DMO-141-20.npy',
                                      'DMO-175-20.npy',
                                      'DMO-170-1.npy',
                                      'DMO-167-5.npy',
                                      'DMO-132-0.npy',
                                      'DMO-196-27.npy',
                                      'DMO-157-27.npy',
                                      'DMO-147-5.npy',
                                      'DMO-14-5.npy',
                                      'DMO-18-20.npy',
                                      'DMO-185-20.npy',
                                      'DMO-194-27.npy',
                                      'DMO-143-33.npy',
                                      'DMO-189-20.npy',
                                      'DMO-173-0.npy',
                                      'DMO-194-1.npy',
                                      'DMO-189-33.npy',
                                      'DMO-126-27.npy',
                                      'DMO-117-33.npy',
                                      'DMO-129-20.npy',
                                      'DMO-182-27.npy',
                                      'DMO-186-5.npy',
                                      'DMO-176-20.npy',
                                      'DMO-135-33.npy',
                                      'DMO-136-1.npy',
                                      'DMO-154-5.npy',
                                      'DMO-171-0.npy',
                                      'DMO-111-33.npy',
                                      'DMO-144-20.npy',
                                      'DMO-15-5.npy',
                                      'DMO-120-5.npy',
                                      'DMO-156-5.npy',
                                      'DMO-176-1.npy',
                                      'DMO-164-27.npy',
                                      'DMO-173-1.npy',
                                      'DMO-11-5.npy',
                                      'DMO-109-27.npy',
                                      'DMO-127-33.npy',
                                      'DMO-147-0.npy',
                                      'DMO-194-33.npy',
                                      'DMO-112-5.npy',
                                      'DMO-162-20.npy',
                                      'DMO-124-1.npy',
                                      'DMO-18-27.npy',
                                      'DMO-193-5.npy',
                                      'DMO-146-20.npy',
                                      'DMO-199-0.npy',
                                      'DMO-151-33.npy',
                                      'DMO-19-33.npy',
                                      'DMO-175-0.npy',
                                      'DMO-136-27.npy',
                                      'DMO-127-27.npy',
                                      'DMO-13-0.npy',
                                      'DMO-166-1.npy',
                                      'DMO-128-27.npy',
                                      'DMO-176-0.npy',
                                      'DMO-12-5.npy',
                                      'DMO-119-20.npy',
                                      'DMO-132-5.npy',
                                      'DMO-149-27.npy',
                                      'DMO-158-0.npy',
                                      'DMO-113-33.npy',
                                      'DMO-187-20.npy',
                                      'DMO-156-27.npy',
                                      'DMO-140-5.npy',
                                      'DMO-17-0.npy',
                                      'DMO-147-1.npy',
                                      'DMO-177-20.npy',
                                      'DMO-143-0.npy',
                                      'DMO-162-1.npy',
                                      'DMO-133-5.npy',
                                      'DMO-116-5.npy',
                                      'DMO-169-5.npy',
                                      'DMO-13-1.npy',
                                      'DMO-170-33.npy',
                                      'DMO-14-33.npy',
                                      'DMO-110-5.npy',
                                      'DMO-196-1.npy',
                                      'DMO-187-1.npy',
                                      'DMO-130-33.npy',
                                      'DMO-17-33.npy',
                                      'DMO-154-20.npy',
                                      'DMO-119-27.npy',
                                      'DMO-111-0.npy',
                                      'DMO-133-33.npy',
                                      'DMO-102-27.npy',
                                      'DMO-154-33.npy',
                                      'DMO-186-33.npy',
                                      'DMO-180-0.npy',
                                      'DMO-16-1.npy',
                                      'DMO-183-1.npy',
                                      'DMO-125-20.npy',
                                      'DMO-128-1.npy',
                                      'DMO-125-0.npy',
                                      'DMO-191-5.npy',
                                      'DMO-112-0.npy',
                                      'DMO-107-20.npy',
                                      'DMO-123-20.npy',
                                      'DMO-145-0.npy',
                                      'DMO-128-33.npy',
                                      'DMO-116-0.npy',
                                      'DMO-109-1.npy',
                                      'DMO-173-20.npy',
                                      'DMO-111-5.npy',
                                      'DMO-12-0.npy',
                                      'DMO-104-1.npy',
                                      'DMO-19-0.npy',
                                      'DMO-144-0.npy',
                                      'DMO-12-33.npy',
                                      'DMO-193-1.npy',
                                      'DMO-135-0.npy',
                                      'DMO-148-20.npy',
                                      'DMO-181-20.npy',
                                      'DMO-154-1.npy',
                                      'DMO-179-1.npy',
                                      'DMO-101-27.npy',
                                      'DMO-191-33.npy',
                                      'DMO-188-0.npy',
                                      'DMO-174-33.npy',
                                      'DMO-174-27.npy',
                                      'DMO-118-1.npy',
                                      'DMO-103-5.npy',
                                      'DMO-155-27.npy',
                                      'DMO-112-27.npy',
                                      'DMO-16-20.npy',
                                      'DMO-115-1.npy',
                                      'DMO-172-20.npy',
                                      'DMO-100-20.npy',
                                      'DMO-104-0.npy',
                                      'DMO-121-1.npy',
                                      'DMO-129-0.npy',
                                      'DMO-185-0.npy',
                                      'DMO-168-0.npy',
                                      'DMO-193-20.npy',
                                      'DMO-12-27.npy',
                                      'DMO-151-20.npy',
                                      'DMO-174-20.npy',
                                      'DMO-150-1.npy',
                                      'DMO-126-1.npy',
                                      'DMO-114-5.npy',
                                      'DMO-131-0.npy',
                                      'DMO-115-20.npy',
                                      'DMO-128-5.npy',
                                      'DMO-142-33.npy',
                                      'DMO-159-20.npy',
                                      'DMO-163-5.npy',
                                      'DMO-175-5.npy',
                                      'DMO-185-5.npy',
                                      'DMO-150-0.npy',
                                      'DMO-109-20.npy',
                                      'DMO-141-27.npy',
                                      'DMO-130-20.npy',
                                      'DMO-156-20.npy',
                                      'DMO-123-0.npy',
                                      'DMO-182-0.npy',
                                      'DMO-140-27.npy',
                                      'DMO-198-33.npy',
                                      'DMO-155-20.npy',
                                      'DMO-163-33.npy',
                                      'DMO-197-27.npy',
                                      'DMO-160-5.npy',
                                      'DMO-13-27.npy',
                                      'DMO-117-5.npy',
                                      'DMO-104-27.npy',
                                      'DMO-191-0.npy',
                                      'DMO-107-27.npy',
                                      'DMO-141-33.npy',
                                      'DMO-181-27.npy',
                                      'DMO-186-20.npy',
                                      'DMO-105-33.npy',
                                      'DMO-171-20.npy',
                                      'DMO-143-1.npy',
                                      'DMO-137-0.npy',
                                      'DMO-164-0.npy',
                                      'DMO-121-20.npy',
                                      'DMO-181-33.npy',
                                      'DMO-119-0.npy',
                                      'DMO-190-1.npy',
                                      'DMO-185-27.npy',
                                      'DMO-19-5.npy',
                                      'DMO-139-33.npy',
                                      'DMO-159-0.npy',
                                      'DMO-197-0.npy',
                                      'DMO-103-27.npy',
                                      'DMO-121-33.npy',
                                      'DMO-102-0.npy',
                                      'DMO-176-33.npy',
                                      'DMO-176-27.npy',
                                      'DMO-131-27.npy',
                                      'DMO-144-27.npy',
                                      'DMO-133-20.npy',
                                      'DMO-136-20.npy',
                                      'DMO-113-1.npy',
                                      'DMO-151-1.npy',
                                      'DMO-125-27.npy',
                                      'DMO-186-1.npy',
                                      'DMO-193-27.npy',
                                      'DMO-125-1.npy',
                                      'DMO-102-20.npy',
                                      'DMO-108-33.npy',
                                      'DMO-145-5.npy',
                                      'DMO-162-0.npy',
                                      'DMO-14-27.npy',
                                      'DMO-158-5.npy',
                                      'DMO-184-27.npy',
                                      'DMO-153-27.npy',
                                      'DMO-13-5.npy',
                                      'DMO-119-33.npy',
                                      'DMO-175-33.npy',
                                      'DMO-157-33.npy',
                                      'DMO-196-20.npy',
                                      'DMO-149-20.npy',
                                      'DMO-195-5.npy',
                                      'DMO-165-20.npy',
                                      'DMO-198-0.npy',
                                      'DMO-118-5.npy',
                                      'DMO-130-5.npy',
                                      'DMO-143-20.npy',
                                      'DMO-108-5.npy',
                                      'DMO-163-20.npy',
                                      'DMO-152-5.npy',
                                      'DMO-158-27.npy',
                                      'DMO-126-5.npy',
                                      'DMO-173-33.npy',
                                      'DMO-177-27.npy',
                                      'DMO-198-5.npy',
                                      'DMO-188-1.npy',
                                      'DMO-130-0.npy',
                                      'DMO-148-1.npy',
                                      'DMO-151-5.npy',
                                      'DMO-127-1.npy',
                                      'DMO-152-20.npy',
                                      'DMO-131-5.npy',
                                      'DMO-153-1.npy',
                                      'DMO-191-1.npy',
                                      'DMO-198-27.npy',
                                      'DMO-169-27.npy',
                                      'DMO-163-27.npy',
                                      'DMO-189-1.npy',
                                      'DMO-116-20.npy',
                                      'DMO-186-0.npy',
                                      'DMO-145-20.npy',
                                      'DMO-149-1.npy',
                                      'DMO-135-5.npy',
                                      'DMO-158-33.npy',
                                      'DMO-109-0.npy',
                                      'DMO-122-33.npy',
                                      'DMO-15-20.npy',
                                      'DMO-101-1.npy',
                                      'DMO-130-27.npy',
                                      'DMO-150-27.npy',
                                      'DMO-165-27.npy',
                                      'DMO-120-1.npy',
                                      'DMO-118-0.npy',
                                      'DMO-120-0.npy',
                                      'DMO-155-0.npy',
                                      'DMO-150-20.npy',
                                      'DMO-168-33.npy',
                                      'DMO-156-33.npy',
                                      'DMO-187-0.npy',
                                      'DMO-199-20.npy',
                                      'DMO-153-0.npy',
                                      'DMO-178-5.npy',
                                      'DMO-177-33.npy',
                                      'DMO-175-1.npy',
                                      'DMO-106-33.npy',
                                      'DMO-118-33.npy',
                                      'DMO-127-0.npy',
                                      'DMO-191-20.npy',
                                      'DMO-148-0.npy',
                                      'DMO-169-1.npy',
                                      'DMO-14-20.npy',
                                      'DMO-133-1.npy',
                                      'DMO-160-27.npy',
                                      'DMO-18-5.npy',
                                      'DMO-134-27.npy',
                                      'DMO-121-5.npy',
                                      'DMO-134-1.npy',
                                      'DMO-168-20.npy',
                                      'DMO-142-1.npy',
                                      'DMO-197-1.npy',
                                      'DMO-192-0.npy',
                                      'DMO-12-20.npy',
                                      'DMO-167-27.npy',
                                      'DMO-122-0.npy',
                                      'DMO-154-0.npy',
                                      'DMO-160-20.npy',
                                      'DMO-159-27.npy',
                                      'DMO-189-27.npy',
                                      'DMO-17-5.npy',
                                      'DMO-104-33.npy',
                                      'DMO-106-1.npy',
                                      'DMO-196-0.npy',
                                      'DMO-114-1.npy',
                                      'DMO-182-5.npy',
                                      'DMO-137-33.npy',
                                      'DMO-107-0.npy',
                                      'DMO-114-0.npy',
                                      'DMO-101-33.npy',
                                      'DMO-129-27.npy',
                                      'DMO-122-27.npy',
                                      'DMO-132-27.npy',
                                      'DMO-126-33.npy',
                                      'DMO-180-1.npy',
                                      'DMO-185-1.npy',
                                      'DMO-139-0.npy',
                                      'DMO-158-1.npy',
                                      'DMO-137-27.npy',
                                      'DMO-164-1.npy',
                                      'DMO-149-5.npy',
                                      'DMO-155-5.npy',
                                      'DMO-100-0.npy',
                                      'DMO-169-0.npy',
                                      'DMO-171-27.npy',
                                      'DMO-177-1.npy',
                                      'DMO-115-27.npy',
                                      'DMO-18-33.npy',
                                      'DMO-16-27.npy',
                                      'DMO-161-0.npy',
                                      'DMO-122-1.npy',
                                      'DMO-152-33.npy',
                                      'DMO-120-20.npy',
                                      'DMO-116-33.npy',
                                      'DMO-137-20.npy',
                                      'DMO-105-0.npy',
                                      'DMO-166-27.npy',
                                      'DMO-123-27.npy',
                                      'DMO-112-33.npy',
                                      'DMO-101-0.npy',
                                      'DMO-110-20.npy',
                                      'DMO-102-5.npy',
                                      'DMO-181-1.npy',
                                      'DMO-145-27.npy',
                                      'DMO-184-1.npy',
                                      'DMO-161-5.npy',
                                      'DMO-176-5.npy',
                                      'DMO-167-0.npy',
                                      'DMO-122-20.npy',
                                      'DMO-163-0.npy',
                                      'DMO-125-5.npy',
                                      'DMO-182-33.npy']}}

Target files info:
{'1_total_num_fields_tgt': 654,
 '2_num_files_per_pattern': {'DM-*-*.npy': 654,
                             'E-*-*.npy': 654,
                             'T-*-*.npy': 654,
                             'gas-*-*.npy': 654},
 '3_all_files_used': {'DM-*-*.npy': ['train_smudgy/DM-117-20.npy',
                                     'train_smudgy/DM-192-27.npy',
                                     'train_smudgy/DM-110-1.npy',
                                     'train_smudgy/DM-182-20.npy',
                                     'train_smudgy/DM-16-33.npy',
                                     'train_smudgy/DM-124-0.npy',
                                     'train_smudgy/DM-177-0.npy',
                                     'train_smudgy/DM-146-0.npy',
                                     'train_smudgy/DM-128-0.npy',
                                     'train_smudgy/DM-164-20.npy',
                                     'train_smudgy/DM-132-20.npy',
                                     'train_smudgy/DM-148-5.npy',
                                     'train_smudgy/DM-127-5.npy',
                                     'train_smudgy/DM-181-0.npy',
                                     'train_smudgy/DM-187-5.npy',
                                     'train_smudgy/DM-130-1.npy',
                                     'train_smudgy/DM-133-0.npy',
                                     'train_smudgy/DM-169-33.npy',
                                     'train_smudgy/DM-165-5.npy',
                                     'train_smudgy/DM-172-1.npy',
                                     'train_smudgy/DM-124-33.npy',
                                     'train_smudgy/DM-161-20.npy',
                                     'train_smudgy/DM-141-1.npy',
                                     'train_smudgy/DM-15-1.npy',
                                     'train_smudgy/DM-144-1.npy',
                                     'train_smudgy/DM-146-5.npy',
                                     'train_smudgy/DM-184-5.npy',
                                     'train_smudgy/DM-128-20.npy',
                                     'train_smudgy/DM-157-20.npy',
                                     'train_smudgy/DM-189-0.npy',
                                     'train_smudgy/DM-139-1.npy',
                                     'train_smudgy/DM-104-5.npy',
                                     'train_smudgy/DM-105-20.npy',
                                     'train_smudgy/DM-17-1.npy',
                                     'train_smudgy/DM-164-5.npy',
                                     'train_smudgy/DM-18-0.npy',
                                     'train_smudgy/DM-156-0.npy',
                                     'train_smudgy/DM-142-5.npy',
                                     'train_smudgy/DM-192-20.npy',
                                     'train_smudgy/DM-11-20.npy',
                                     'train_smudgy/DM-146-33.npy',
                                     'train_smudgy/DM-197-20.npy',
                                     'train_smudgy/DM-192-5.npy',
                                     'train_smudgy/DM-143-5.npy',
                                     'train_smudgy/DM-173-5.npy',
                                     'train_smudgy/DM-129-33.npy',
                                     'train_smudgy/DM-198-20.npy',
                                     'train_smudgy/DM-163-1.npy',
                                     'train_smudgy/DM-149-33.npy',
                                     'train_smudgy/DM-170-20.npy',
                                     'train_smudgy/DM-115-0.npy',
                                     'train_smudgy/DM-171-1.npy',
                                     'train_smudgy/DM-118-27.npy',
                                     'train_smudgy/DM-142-20.npy',
                                     'train_smudgy/DM-18-1.npy',
                                     'train_smudgy/DM-159-33.npy',
                                     'train_smudgy/DM-106-0.npy',
                                     'train_smudgy/DM-108-0.npy',
                                     'train_smudgy/DM-15-0.npy',
                                     'train_smudgy/DM-195-20.npy',
                                     'train_smudgy/DM-158-20.npy',
                                     'train_smudgy/DM-111-20.npy',
                                     'train_smudgy/DM-140-1.npy',
                                     'train_smudgy/DM-157-5.npy',
                                     'train_smudgy/DM-195-33.npy',
                                     'train_smudgy/DM-181-5.npy',
                                     'train_smudgy/DM-121-0.npy',
                                     'train_smudgy/DM-196-33.npy',
                                     'train_smudgy/DM-159-1.npy',
                                     'train_smudgy/DM-167-20.npy',
                                     'train_smudgy/DM-184-0.npy',
                                     'train_smudgy/DM-145-33.npy',
                                     'train_smudgy/DM-105-1.npy',
                                     'train_smudgy/DM-168-5.npy',
                                     'train_smudgy/DM-194-0.npy',
                                     'train_smudgy/DM-120-27.npy',
                                     'train_smudgy/DM-11-0.npy',
                                     'train_smudgy/DM-13-33.npy',
                                     'train_smudgy/DM-140-20.npy',
                                     'train_smudgy/DM-114-33.npy',
                                     'train_smudgy/DM-178-33.npy',
                                     'train_smudgy/DM-177-5.npy',
                                     'train_smudgy/DM-131-1.npy',
                                     'train_smudgy/DM-168-27.npy',
                                     'train_smudgy/DM-110-33.npy',
                                     'train_smudgy/DM-166-0.npy',
                                     'train_smudgy/DM-160-1.npy',
                                     'train_smudgy/DM-190-5.npy',
                                     'train_smudgy/DM-170-5.npy',
                                     'train_smudgy/DM-107-5.npy',
                                     'train_smudgy/DM-100-5.npy',
                                     'train_smudgy/DM-160-33.npy',
                                     'train_smudgy/DM-179-20.npy',
                                     'train_smudgy/DM-162-33.npy',
                                     'train_smudgy/DM-108-1.npy',
                                     'train_smudgy/DM-149-0.npy',
                                     'train_smudgy/DM-140-33.npy',
                                     'train_smudgy/DM-144-33.npy',
                                     'train_smudgy/DM-116-1.npy',
                                     'train_smudgy/DM-117-27.npy',
                                     'train_smudgy/DM-103-0.npy',
                                     'train_smudgy/DM-115-5.npy',
                                     'train_smudgy/DM-124-5.npy',
                                     'train_smudgy/DM-136-33.npy',
                                     'train_smudgy/DM-106-20.npy',
                                     'train_smudgy/DM-184-20.npy',
                                     'train_smudgy/DM-134-0.npy',
                                     'train_smudgy/DM-139-20.npy',
                                     'train_smudgy/DM-166-5.npy',
                                     'train_smudgy/DM-11-33.npy',
                                     'train_smudgy/DM-107-1.npy',
                                     'train_smudgy/DM-183-5.npy',
                                     'train_smudgy/DM-147-20.npy',
                                     'train_smudgy/DM-139-5.npy',
                                     'train_smudgy/DM-170-27.npy',
                                     'train_smudgy/DM-179-27.npy',
                                     'train_smudgy/DM-103-1.npy',
                                     'train_smudgy/DM-197-33.npy',
                                     'train_smudgy/DM-138-33.npy',
                                     'train_smudgy/DM-180-5.npy',
                                     'train_smudgy/DM-152-0.npy',
                                     'train_smudgy/DM-113-5.npy',
                                     'train_smudgy/DM-105-5.npy',
                                     'train_smudgy/DM-17-27.npy',
                                     'train_smudgy/DM-192-33.npy',
                                     'train_smudgy/DM-132-33.npy',
                                     'train_smudgy/DM-132-1.npy',
                                     'train_smudgy/DM-171-5.npy',
                                     'train_smudgy/DM-166-20.npy',
                                     'train_smudgy/DM-136-0.npy',
                                     'train_smudgy/DM-172-0.npy',
                                     'train_smudgy/DM-155-1.npy',
                                     'train_smudgy/DM-113-27.npy',
                                     'train_smudgy/DM-17-20.npy',
                                     'train_smudgy/DM-108-20.npy',
                                     'train_smudgy/DM-142-27.npy',
                                     'train_smudgy/DM-134-20.npy',
                                     'train_smudgy/DM-174-5.npy',
                                     'train_smudgy/DM-111-27.npy',
                                     'train_smudgy/DM-185-33.npy',
                                     'train_smudgy/DM-166-33.npy',
                                     'train_smudgy/DM-131-33.npy',
                                     'train_smudgy/DM-165-1.npy',
                                     'train_smudgy/DM-151-0.npy',
                                     'train_smudgy/DM-138-27.npy',
                                     'train_smudgy/DM-179-33.npy',
                                     'train_smudgy/DM-172-33.npy',
                                     'train_smudgy/DM-124-27.npy',
                                     'train_smudgy/DM-105-27.npy',
                                     'train_smudgy/DM-131-20.npy',
                                     'train_smudgy/DM-160-0.npy',
                                     'train_smudgy/DM-133-27.npy',
                                     'train_smudgy/DM-188-5.npy',
                                     'train_smudgy/DM-153-20.npy',
                                     'train_smudgy/DM-161-33.npy',
                                     'train_smudgy/DM-14-0.npy',
                                     'train_smudgy/DM-150-5.npy',
                                     'train_smudgy/DM-138-5.npy',
                                     'train_smudgy/DM-170-0.npy',
                                     'train_smudgy/DM-188-20.npy',
                                     'train_smudgy/DM-106-27.npy',
                                     'train_smudgy/DM-142-0.npy',
                                     'train_smudgy/DM-178-1.npy',
                                     'train_smudgy/DM-129-1.npy',
                                     'train_smudgy/DM-135-27.npy',
                                     'train_smudgy/DM-195-0.npy',
                                     'train_smudgy/DM-193-33.npy',
                                     'train_smudgy/DM-126-0.npy',
                                     'train_smudgy/DM-145-1.npy',
                                     'train_smudgy/DM-127-20.npy',
                                     'train_smudgy/DM-180-33.npy',
                                     'train_smudgy/DM-11-27.npy',
                                     'train_smudgy/DM-140-0.npy',
                                     'train_smudgy/DM-138-1.npy',
                                     'train_smudgy/DM-190-20.npy',
                                     'train_smudgy/DM-187-27.npy',
                                     'train_smudgy/DM-14-1.npy',
                                     'train_smudgy/DM-191-27.npy',
                                     'train_smudgy/DM-148-33.npy',
                                     'train_smudgy/DM-198-1.npy',
                                     'train_smudgy/DM-110-0.npy',
                                     'train_smudgy/DM-192-1.npy',
                                     'train_smudgy/DM-165-33.npy',
                                     'train_smudgy/DM-151-27.npy',
                                     'train_smudgy/DM-103-33.npy',
                                     'train_smudgy/DM-112-1.npy',
                                     'train_smudgy/DM-186-27.npy',
                                     'train_smudgy/DM-188-33.npy',
                                     'train_smudgy/DM-110-27.npy',
                                     'train_smudgy/DM-100-1.npy',
                                     'train_smudgy/DM-136-5.npy',
                                     'train_smudgy/DM-169-20.npy',
                                     'train_smudgy/DM-101-5.npy',
                                     'train_smudgy/DM-117-1.npy',
                                     'train_smudgy/DM-183-33.npy',
                                     'train_smudgy/DM-154-27.npy',
                                     'train_smudgy/DM-129-5.npy',
                                     'train_smudgy/DM-19-1.npy',
                                     'train_smudgy/DM-195-27.npy',
                                     'train_smudgy/DM-167-1.npy',
                                     'train_smudgy/DM-138-0.npy',
                                     'train_smudgy/DM-121-27.npy',
                                     'train_smudgy/DM-199-5.npy',
                                     'train_smudgy/DM-165-0.npy',
                                     'train_smudgy/DM-197-5.npy',
                                     'train_smudgy/DM-183-0.npy',
                                     'train_smudgy/DM-152-27.npy',
                                     'train_smudgy/DM-147-27.npy',
                                     'train_smudgy/DM-179-5.npy',
                                     'train_smudgy/DM-189-5.npy',
                                     'train_smudgy/DM-119-5.npy',
                                     'train_smudgy/DM-11-1.npy',
                                     'train_smudgy/DM-159-5.npy',
                                     'train_smudgy/DM-139-27.npy',
                                     'train_smudgy/DM-123-33.npy',
                                     'train_smudgy/DM-124-20.npy',
                                     'train_smudgy/DM-114-20.npy',
                                     'train_smudgy/DM-164-33.npy',
                                     'train_smudgy/DM-114-27.npy',
                                     'train_smudgy/DM-15-27.npy',
                                     'train_smudgy/DM-138-20.npy',
                                     'train_smudgy/DM-118-20.npy',
                                     'train_smudgy/DM-15-33.npy',
                                     'train_smudgy/DM-126-20.npy',
                                     'train_smudgy/DM-190-0.npy',
                                     'train_smudgy/DM-148-27.npy',
                                     'train_smudgy/DM-102-1.npy',
                                     'train_smudgy/DM-178-20.npy',
                                     'train_smudgy/DM-199-33.npy',
                                     'train_smudgy/DM-109-33.npy',
                                     'train_smudgy/DM-111-1.npy',
                                     'train_smudgy/DM-199-27.npy',
                                     'train_smudgy/DM-161-27.npy',
                                     'train_smudgy/DM-19-27.npy',
                                     'train_smudgy/DM-100-33.npy',
                                     'train_smudgy/DM-117-0.npy',
                                     'train_smudgy/DM-194-20.npy',
                                     'train_smudgy/DM-180-27.npy',
                                     'train_smudgy/DM-104-20.npy',
                                     'train_smudgy/DM-172-27.npy',
                                     'train_smudgy/DM-12-1.npy',
                                     'train_smudgy/DM-188-27.npy',
                                     'train_smudgy/DM-123-1.npy',
                                     'train_smudgy/DM-190-27.npy',
                                     'train_smudgy/DM-125-33.npy',
                                     'train_smudgy/DM-16-5.npy',
                                     'train_smudgy/DM-100-27.npy',
                                     'train_smudgy/DM-157-1.npy',
                                     'train_smudgy/DM-174-1.npy',
                                     'train_smudgy/DM-167-33.npy',
                                     'train_smudgy/DM-112-20.npy',
                                     'train_smudgy/DM-119-1.npy',
                                     'train_smudgy/DM-101-20.npy',
                                     'train_smudgy/DM-196-5.npy',
                                     'train_smudgy/DM-184-33.npy',
                                     'train_smudgy/DM-137-5.npy',
                                     'train_smudgy/DM-183-20.npy',
                                     'train_smudgy/DM-107-33.npy',
                                     'train_smudgy/DM-173-27.npy',
                                     'train_smudgy/DM-195-1.npy',
                                     'train_smudgy/DM-16-0.npy',
                                     'train_smudgy/DM-113-0.npy',
                                     'train_smudgy/DM-190-33.npy',
                                     'train_smudgy/DM-106-5.npy',
                                     'train_smudgy/DM-180-20.npy',
                                     'train_smudgy/DM-155-33.npy',
                                     'train_smudgy/DM-150-33.npy',
                                     'train_smudgy/DM-113-20.npy',
                                     'train_smudgy/DM-144-5.npy',
                                     'train_smudgy/DM-13-20.npy',
                                     'train_smudgy/DM-193-0.npy',
                                     'train_smudgy/DM-120-33.npy',
                                     'train_smudgy/DM-162-27.npy',
                                     'train_smudgy/DM-135-20.npy',
                                     'train_smudgy/DM-178-0.npy',
                                     'train_smudgy/DM-153-5.npy',
                                     'train_smudgy/DM-147-33.npy',
                                     'train_smudgy/DM-134-5.npy',
                                     'train_smudgy/DM-172-5.npy',
                                     'train_smudgy/DM-153-33.npy',
                                     'train_smudgy/DM-146-1.npy',
                                     'train_smudgy/DM-135-1.npy',
                                     'train_smudgy/DM-108-27.npy',
                                     'train_smudgy/DM-183-27.npy',
                                     'train_smudgy/DM-123-5.npy',
                                     'train_smudgy/DM-102-33.npy',
                                     'train_smudgy/DM-146-27.npy',
                                     'train_smudgy/DM-156-1.npy',
                                     'train_smudgy/DM-178-27.npy',
                                     'train_smudgy/DM-141-5.npy',
                                     'train_smudgy/DM-134-33.npy',
                                     'train_smudgy/DM-168-1.npy',
                                     'train_smudgy/DM-179-0.npy',
                                     'train_smudgy/DM-152-1.npy',
                                     'train_smudgy/DM-187-33.npy',
                                     'train_smudgy/DM-199-1.npy',
                                     'train_smudgy/DM-194-5.npy',
                                     'train_smudgy/DM-162-5.npy',
                                     'train_smudgy/DM-19-20.npy',
                                     'train_smudgy/DM-182-1.npy',
                                     'train_smudgy/DM-174-0.npy',
                                     'train_smudgy/DM-171-33.npy',
                                     'train_smudgy/DM-175-27.npy',
                                     'train_smudgy/DM-157-0.npy',
                                     'train_smudgy/DM-141-0.npy',
                                     'train_smudgy/DM-122-5.npy',
                                     'train_smudgy/DM-115-33.npy',
                                     'train_smudgy/DM-116-27.npy',
                                     'train_smudgy/DM-109-5.npy',
                                     'train_smudgy/DM-103-20.npy',
                                     'train_smudgy/DM-137-1.npy',
                                     'train_smudgy/DM-161-1.npy',
                                     'train_smudgy/DM-143-27.npy',
                                     'train_smudgy/DM-141-20.npy',
                                     'train_smudgy/DM-175-20.npy',
                                     'train_smudgy/DM-170-1.npy',
                                     'train_smudgy/DM-167-5.npy',
                                     'train_smudgy/DM-132-0.npy',
                                     'train_smudgy/DM-196-27.npy',
                                     'train_smudgy/DM-157-27.npy',
                                     'train_smudgy/DM-147-5.npy',
                                     'train_smudgy/DM-14-5.npy',
                                     'train_smudgy/DM-18-20.npy',
                                     'train_smudgy/DM-185-20.npy',
                                     'train_smudgy/DM-194-27.npy',
                                     'train_smudgy/DM-143-33.npy',
                                     'train_smudgy/DM-189-20.npy',
                                     'train_smudgy/DM-173-0.npy',
                                     'train_smudgy/DM-194-1.npy',
                                     'train_smudgy/DM-189-33.npy',
                                     'train_smudgy/DM-126-27.npy',
                                     'train_smudgy/DM-117-33.npy',
                                     'train_smudgy/DM-129-20.npy',
                                     'train_smudgy/DM-182-27.npy',
                                     'train_smudgy/DM-186-5.npy',
                                     'train_smudgy/DM-176-20.npy',
                                     'train_smudgy/DM-135-33.npy',
                                     'train_smudgy/DM-136-1.npy',
                                     'train_smudgy/DM-154-5.npy',
                                     'train_smudgy/DM-171-0.npy',
                                     'train_smudgy/DM-111-33.npy',
                                     'train_smudgy/DM-144-20.npy',
                                     'train_smudgy/DM-15-5.npy',
                                     'train_smudgy/DM-120-5.npy',
                                     'train_smudgy/DM-156-5.npy',
                                     'train_smudgy/DM-176-1.npy',
                                     'train_smudgy/DM-164-27.npy',
                                     'train_smudgy/DM-173-1.npy',
                                     'train_smudgy/DM-11-5.npy',
                                     'train_smudgy/DM-109-27.npy',
                                     'train_smudgy/DM-127-33.npy',
                                     'train_smudgy/DM-147-0.npy',
                                     'train_smudgy/DM-194-33.npy',
                                     'train_smudgy/DM-112-5.npy',
                                     'train_smudgy/DM-162-20.npy',
                                     'train_smudgy/DM-124-1.npy',
                                     'train_smudgy/DM-18-27.npy',
                                     'train_smudgy/DM-193-5.npy',
                                     'train_smudgy/DM-146-20.npy',
                                     'train_smudgy/DM-199-0.npy',
                                     'train_smudgy/DM-151-33.npy',
                                     'train_smudgy/DM-19-33.npy',
                                     'train_smudgy/DM-175-0.npy',
                                     'train_smudgy/DM-136-27.npy',
                                     'train_smudgy/DM-127-27.npy',
                                     'train_smudgy/DM-13-0.npy',
                                     'train_smudgy/DM-166-1.npy',
                                     'train_smudgy/DM-128-27.npy',
                                     'train_smudgy/DM-176-0.npy',
                                     'train_smudgy/DM-12-5.npy',
                                     'train_smudgy/DM-119-20.npy',
                                     'train_smudgy/DM-132-5.npy',
                                     'train_smudgy/DM-149-27.npy',
                                     'train_smudgy/DM-158-0.npy',
                                     'train_smudgy/DM-113-33.npy',
                                     'train_smudgy/DM-187-20.npy',
                                     'train_smudgy/DM-156-27.npy',
                                     'train_smudgy/DM-140-5.npy',
                                     'train_smudgy/DM-17-0.npy',
                                     'train_smudgy/DM-147-1.npy',
                                     'train_smudgy/DM-177-20.npy',
                                     'train_smudgy/DM-143-0.npy',
                                     'train_smudgy/DM-162-1.npy',
                                     'train_smudgy/DM-133-5.npy',
                                     'train_smudgy/DM-116-5.npy',
                                     'train_smudgy/DM-169-5.npy',
                                     'train_smudgy/DM-13-1.npy',
                                     'train_smudgy/DM-170-33.npy',
                                     'train_smudgy/DM-14-33.npy',
                                     'train_smudgy/DM-110-5.npy',
                                     'train_smudgy/DM-196-1.npy',
                                     'train_smudgy/DM-187-1.npy',
                                     'train_smudgy/DM-130-33.npy',
                                     'train_smudgy/DM-17-33.npy',
                                     'train_smudgy/DM-154-20.npy',
                                     'train_smudgy/DM-119-27.npy',
                                     'train_smudgy/DM-111-0.npy',
                                     'train_smudgy/DM-133-33.npy',
                                     'train_smudgy/DM-102-27.npy',
                                     'train_smudgy/DM-154-33.npy',
                                     'train_smudgy/DM-186-33.npy',
                                     'train_smudgy/DM-180-0.npy',
                                     'train_smudgy/DM-16-1.npy',
                                     'train_smudgy/DM-183-1.npy',
                                     'train_smudgy/DM-125-20.npy',
                                     'train_smudgy/DM-128-1.npy',
                                     'train_smudgy/DM-125-0.npy',
                                     'train_smudgy/DM-191-5.npy',
                                     'train_smudgy/DM-112-0.npy',
                                     'train_smudgy/DM-107-20.npy',
                                     'train_smudgy/DM-123-20.npy',
                                     'train_smudgy/DM-145-0.npy',
                                     'train_smudgy/DM-128-33.npy',
                                     'train_smudgy/DM-116-0.npy',
                                     'train_smudgy/DM-109-1.npy',
                                     'train_smudgy/DM-173-20.npy',
                                     'train_smudgy/DM-111-5.npy',
                                     'train_smudgy/DM-12-0.npy',
                                     'train_smudgy/DM-104-1.npy',
                                     'train_smudgy/DM-19-0.npy',
                                     'train_smudgy/DM-144-0.npy',
                                     'train_smudgy/DM-12-33.npy',
                                     'train_smudgy/DM-193-1.npy',
                                     'train_smudgy/DM-135-0.npy',
                                     'train_smudgy/DM-148-20.npy',
                                     'train_smudgy/DM-181-20.npy',
                                     'train_smudgy/DM-154-1.npy',
                                     'train_smudgy/DM-179-1.npy',
                                     'train_smudgy/DM-101-27.npy',
                                     'train_smudgy/DM-191-33.npy',
                                     'train_smudgy/DM-188-0.npy',
                                     'train_smudgy/DM-174-33.npy',
                                     'train_smudgy/DM-174-27.npy',
                                     'train_smudgy/DM-118-1.npy',
                                     'train_smudgy/DM-103-5.npy',
                                     'train_smudgy/DM-155-27.npy',
                                     'train_smudgy/DM-112-27.npy',
                                     'train_smudgy/DM-16-20.npy',
                                     'train_smudgy/DM-115-1.npy',
                                     'train_smudgy/DM-172-20.npy',
                                     'train_smudgy/DM-100-20.npy',
                                     'train_smudgy/DM-104-0.npy',
                                     'train_smudgy/DM-121-1.npy',
                                     'train_smudgy/DM-129-0.npy',
                                     'train_smudgy/DM-185-0.npy',
                                     'train_smudgy/DM-168-0.npy',
                                     'train_smudgy/DM-193-20.npy',
                                     'train_smudgy/DM-12-27.npy',
                                     'train_smudgy/DM-151-20.npy',
                                     'train_smudgy/DM-174-20.npy',
                                     'train_smudgy/DM-150-1.npy',
                                     'train_smudgy/DM-126-1.npy',
                                     'train_smudgy/DM-114-5.npy',
                                     'train_smudgy/DM-131-0.npy',
                                     'train_smudgy/DM-115-20.npy',
                                     'train_smudgy/DM-128-5.npy',
                                     'train_smudgy/DM-142-33.npy',
                                     'train_smudgy/DM-159-20.npy',
                                     'train_smudgy/DM-163-5.npy',
                                     'train_smudgy/DM-175-5.npy',
                                     'train_smudgy/DM-185-5.npy',
                                     'train_smudgy/DM-150-0.npy',
                                     'train_smudgy/DM-109-20.npy',
                                     'train_smudgy/DM-141-27.npy',
                                     'train_smudgy/DM-130-20.npy',
                                     'train_smudgy/DM-156-20.npy',
                                     'train_smudgy/DM-123-0.npy',
                                     'train_smudgy/DM-182-0.npy',
                                     'train_smudgy/DM-140-27.npy',
                                     'train_smudgy/DM-198-33.npy',
                                     'train_smudgy/DM-155-20.npy',
                                     'train_smudgy/DM-163-33.npy',
                                     'train_smudgy/DM-197-27.npy',
                                     'train_smudgy/DM-160-5.npy',
                                     'train_smudgy/DM-13-27.npy',
                                     'train_smudgy/DM-117-5.npy',
                                     'train_smudgy/DM-104-27.npy',
                                     'train_smudgy/DM-191-0.npy',
                                     'train_smudgy/DM-107-27.npy',
                                     'train_smudgy/DM-141-33.npy',
                                     'train_smudgy/DM-181-27.npy',
                                     'train_smudgy/DM-186-20.npy',
                                     'train_smudgy/DM-105-33.npy',
                                     'train_smudgy/DM-171-20.npy',
                                     'train_smudgy/DM-143-1.npy',
                                     'train_smudgy/DM-137-0.npy',
                                     'train_smudgy/DM-164-0.npy',
                                     'train_smudgy/DM-121-20.npy',
                                     'train_smudgy/DM-181-33.npy',
                                     'train_smudgy/DM-119-0.npy',
                                     'train_smudgy/DM-190-1.npy',
                                     'train_smudgy/DM-185-27.npy',
                                     'train_smudgy/DM-19-5.npy',
                                     'train_smudgy/DM-139-33.npy',
                                     'train_smudgy/DM-159-0.npy',
                                     'train_smudgy/DM-197-0.npy',
                                     'train_smudgy/DM-103-27.npy',
                                     'train_smudgy/DM-121-33.npy',
                                     'train_smudgy/DM-102-0.npy',
                                     'train_smudgy/DM-176-33.npy',
                                     'train_smudgy/DM-176-27.npy',
                                     'train_smudgy/DM-131-27.npy',
                                     'train_smudgy/DM-144-27.npy',
                                     'train_smudgy/DM-133-20.npy',
                                     'train_smudgy/DM-136-20.npy',
                                     'train_smudgy/DM-113-1.npy',
                                     'train_smudgy/DM-151-1.npy',
                                     'train_smudgy/DM-125-27.npy',
                                     'train_smudgy/DM-186-1.npy',
                                     'train_smudgy/DM-193-27.npy',
                                     'train_smudgy/DM-125-1.npy',
                                     'train_smudgy/DM-102-20.npy',
                                     'train_smudgy/DM-108-33.npy',
                                     'train_smudgy/DM-145-5.npy',
                                     'train_smudgy/DM-162-0.npy',
                                     'train_smudgy/DM-14-27.npy',
                                     'train_smudgy/DM-158-5.npy',
                                     'train_smudgy/DM-184-27.npy',
                                     'train_smudgy/DM-153-27.npy',
                                     'train_smudgy/DM-13-5.npy',
                                     'train_smudgy/DM-119-33.npy',
                                     'train_smudgy/DM-175-33.npy',
                                     'train_smudgy/DM-157-33.npy',
                                     'train_smudgy/DM-196-20.npy',
                                     'train_smudgy/DM-149-20.npy',
                                     'train_smudgy/DM-195-5.npy',
                                     'train_smudgy/DM-165-20.npy',
                                     'train_smudgy/DM-198-0.npy',
                                     'train_smudgy/DM-118-5.npy',
                                     'train_smudgy/DM-130-5.npy',
                                     'train_smudgy/DM-143-20.npy',
                                     'train_smudgy/DM-108-5.npy',
                                     'train_smudgy/DM-163-20.npy',
                                     'train_smudgy/DM-152-5.npy',
                                     'train_smudgy/DM-158-27.npy',
                                     'train_smudgy/DM-126-5.npy',
                                     'train_smudgy/DM-173-33.npy',
                                     'train_smudgy/DM-177-27.npy',
                                     'train_smudgy/DM-198-5.npy',
                                     'train_smudgy/DM-188-1.npy',
                                     'train_smudgy/DM-130-0.npy',
                                     'train_smudgy/DM-148-1.npy',
                                     'train_smudgy/DM-151-5.npy',
                                     'train_smudgy/DM-127-1.npy',
                                     'train_smudgy/DM-152-20.npy',
                                     'train_smudgy/DM-131-5.npy',
                                     'train_smudgy/DM-153-1.npy',
                                     'train_smudgy/DM-191-1.npy',
                                     'train_smudgy/DM-198-27.npy',
                                     'train_smudgy/DM-169-27.npy',
                                     'train_smudgy/DM-163-27.npy',
                                     'train_smudgy/DM-189-1.npy',
                                     'train_smudgy/DM-116-20.npy',
                                     'train_smudgy/DM-186-0.npy',
                                     'train_smudgy/DM-145-20.npy',
                                     'train_smudgy/DM-149-1.npy',
                                     'train_smudgy/DM-135-5.npy',
                                     'train_smudgy/DM-158-33.npy',
                                     'train_smudgy/DM-109-0.npy',
                                     'train_smudgy/DM-122-33.npy',
                                     'train_smudgy/DM-15-20.npy',
                                     'train_smudgy/DM-101-1.npy',
                                     'train_smudgy/DM-130-27.npy',
                                     'train_smudgy/DM-150-27.npy',
                                     'train_smudgy/DM-165-27.npy',
                                     'train_smudgy/DM-120-1.npy',
                                     'train_smudgy/DM-118-0.npy',
                                     'train_smudgy/DM-120-0.npy',
                                     'train_smudgy/DM-155-0.npy',
                                     'train_smudgy/DM-150-20.npy',
                                     'train_smudgy/DM-168-33.npy',
                                     'train_smudgy/DM-156-33.npy',
                                     'train_smudgy/DM-187-0.npy',
                                     'train_smudgy/DM-199-20.npy',
                                     'train_smudgy/DM-153-0.npy',
                                     'train_smudgy/DM-178-5.npy',
                                     'train_smudgy/DM-177-33.npy',
                                     'train_smudgy/DM-175-1.npy',
                                     'train_smudgy/DM-106-33.npy',
                                     'train_smudgy/DM-118-33.npy',
                                     'train_smudgy/DM-127-0.npy',
                                     'train_smudgy/DM-191-20.npy',
                                     'train_smudgy/DM-148-0.npy',
                                     'train_smudgy/DM-169-1.npy',
                                     'train_smudgy/DM-14-20.npy',
                                     'train_smudgy/DM-133-1.npy',
                                     'train_smudgy/DM-160-27.npy',
                                     'train_smudgy/DM-18-5.npy',
                                     'train_smudgy/DM-134-27.npy',
                                     'train_smudgy/DM-121-5.npy',
                                     'train_smudgy/DM-134-1.npy',
                                     'train_smudgy/DM-168-20.npy',
                                     'train_smudgy/DM-142-1.npy',
                                     'train_smudgy/DM-197-1.npy',
                                     'train_smudgy/DM-192-0.npy',
                                     'train_smudgy/DM-12-20.npy',
                                     'train_smudgy/DM-167-27.npy',
                                     'train_smudgy/DM-122-0.npy',
                                     'train_smudgy/DM-154-0.npy',
                                     'train_smudgy/DM-160-20.npy',
                                     'train_smudgy/DM-159-27.npy',
                                     'train_smudgy/DM-189-27.npy',
                                     'train_smudgy/DM-17-5.npy',
                                     'train_smudgy/DM-104-33.npy',
                                     'train_smudgy/DM-106-1.npy',
                                     'train_smudgy/DM-196-0.npy',
                                     'train_smudgy/DM-114-1.npy',
                                     'train_smudgy/DM-182-5.npy',
                                     'train_smudgy/DM-137-33.npy',
                                     'train_smudgy/DM-107-0.npy',
                                     'train_smudgy/DM-114-0.npy',
                                     'train_smudgy/DM-101-33.npy',
                                     'train_smudgy/DM-129-27.npy',
                                     'train_smudgy/DM-122-27.npy',
                                     'train_smudgy/DM-132-27.npy',
                                     'train_smudgy/DM-126-33.npy',
                                     'train_smudgy/DM-180-1.npy',
                                     'train_smudgy/DM-185-1.npy',
                                     'train_smudgy/DM-139-0.npy',
                                     'train_smudgy/DM-158-1.npy',
                                     'train_smudgy/DM-137-27.npy',
                                     'train_smudgy/DM-164-1.npy',
                                     'train_smudgy/DM-149-5.npy',
                                     'train_smudgy/DM-155-5.npy',
                                     'train_smudgy/DM-100-0.npy',
                                     'train_smudgy/DM-169-0.npy',
                                     'train_smudgy/DM-171-27.npy',
                                     'train_smudgy/DM-177-1.npy',
                                     'train_smudgy/DM-115-27.npy',
                                     'train_smudgy/DM-18-33.npy',
                                     'train_smudgy/DM-16-27.npy',
                                     'train_smudgy/DM-161-0.npy',
                                     'train_smudgy/DM-122-1.npy',
                                     'train_smudgy/DM-152-33.npy',
                                     'train_smudgy/DM-120-20.npy',
                                     'train_smudgy/DM-116-33.npy',
                                     'train_smudgy/DM-137-20.npy',
                                     'train_smudgy/DM-105-0.npy',
                                     'train_smudgy/DM-166-27.npy',
                                     'train_smudgy/DM-123-27.npy',
                                     'train_smudgy/DM-112-33.npy',
                                     'train_smudgy/DM-101-0.npy',
                                     'train_smudgy/DM-110-20.npy',
                                     'train_smudgy/DM-102-5.npy',
                                     'train_smudgy/DM-181-1.npy',
                                     'train_smudgy/DM-145-27.npy',
                                     'train_smudgy/DM-184-1.npy',
                                     'train_smudgy/DM-161-5.npy',
                                     'train_smudgy/DM-176-5.npy',
                                     'train_smudgy/DM-167-0.npy',
                                     'train_smudgy/DM-122-20.npy',
                                     'train_smudgy/DM-163-0.npy',
                                     'train_smudgy/DM-125-5.npy',
                                     'train_smudgy/DM-182-33.npy'],
                      'E-*-*.npy': ['train_smudgy/E-117-20.npy',
                                    'train_smudgy/E-192-27.npy',
                                    'train_smudgy/E-110-1.npy',
                                    'train_smudgy/E-182-20.npy',
                                    'train_smudgy/E-16-33.npy',
                                    'train_smudgy/E-124-0.npy',
                                    'train_smudgy/E-177-0.npy',
                                    'train_smudgy/E-146-0.npy',
                                    'train_smudgy/E-128-0.npy',
                                    'train_smudgy/E-164-20.npy',
                                    'train_smudgy/E-132-20.npy',
                                    'train_smudgy/E-148-5.npy',
                                    'train_smudgy/E-127-5.npy',
                                    'train_smudgy/E-181-0.npy',
                                    'train_smudgy/E-187-5.npy',
                                    'train_smudgy/E-130-1.npy',
                                    'train_smudgy/E-133-0.npy',
                                    'train_smudgy/E-169-33.npy',
                                    'train_smudgy/E-165-5.npy',
                                    'train_smudgy/E-172-1.npy',
                                    'train_smudgy/E-124-33.npy',
                                    'train_smudgy/E-161-20.npy',
                                    'train_smudgy/E-141-1.npy',
                                    'train_smudgy/E-15-1.npy',
                                    'train_smudgy/E-144-1.npy',
                                    'train_smudgy/E-146-5.npy',
                                    'train_smudgy/E-184-5.npy',
                                    'train_smudgy/E-128-20.npy',
                                    'train_smudgy/E-157-20.npy',
                                    'train_smudgy/E-189-0.npy',
                                    'train_smudgy/E-139-1.npy',
                                    'train_smudgy/E-104-5.npy',
                                    'train_smudgy/E-105-20.npy',
                                    'train_smudgy/E-17-1.npy',
                                    'train_smudgy/E-164-5.npy',
                                    'train_smudgy/E-18-0.npy',
                                    'train_smudgy/E-156-0.npy',
                                    'train_smudgy/E-142-5.npy',
                                    'train_smudgy/E-192-20.npy',
                                    'train_smudgy/E-11-20.npy',
                                    'train_smudgy/E-146-33.npy',
                                    'train_smudgy/E-197-20.npy',
                                    'train_smudgy/E-192-5.npy',
                                    'train_smudgy/E-143-5.npy',
                                    'train_smudgy/E-173-5.npy',
                                    'train_smudgy/E-129-33.npy',
                                    'train_smudgy/E-198-20.npy',
                                    'train_smudgy/E-163-1.npy',
                                    'train_smudgy/E-149-33.npy',
                                    'train_smudgy/E-170-20.npy',
                                    'train_smudgy/E-115-0.npy',
                                    'train_smudgy/E-171-1.npy',
                                    'train_smudgy/E-118-27.npy',
                                    'train_smudgy/E-142-20.npy',
                                    'train_smudgy/E-18-1.npy',
                                    'train_smudgy/E-159-33.npy',
                                    'train_smudgy/E-106-0.npy',
                                    'train_smudgy/E-108-0.npy',
                                    'train_smudgy/E-15-0.npy',
                                    'train_smudgy/E-195-20.npy',
                                    'train_smudgy/E-158-20.npy',
                                    'train_smudgy/E-111-20.npy',
                                    'train_smudgy/E-140-1.npy',
                                    'train_smudgy/E-157-5.npy',
                                    'train_smudgy/E-195-33.npy',
                                    'train_smudgy/E-181-5.npy',
                                    'train_smudgy/E-121-0.npy',
                                    'train_smudgy/E-196-33.npy',
                                    'train_smudgy/E-159-1.npy',
                                    'train_smudgy/E-167-20.npy',
                                    'train_smudgy/E-184-0.npy',
                                    'train_smudgy/E-145-33.npy',
                                    'train_smudgy/E-105-1.npy',
                                    'train_smudgy/E-168-5.npy',
                                    'train_smudgy/E-194-0.npy',
                                    'train_smudgy/E-120-27.npy',
                                    'train_smudgy/E-11-0.npy',
                                    'train_smudgy/E-13-33.npy',
                                    'train_smudgy/E-140-20.npy',
                                    'train_smudgy/E-114-33.npy',
                                    'train_smudgy/E-178-33.npy',
                                    'train_smudgy/E-177-5.npy',
                                    'train_smudgy/E-131-1.npy',
                                    'train_smudgy/E-168-27.npy',
                                    'train_smudgy/E-110-33.npy',
                                    'train_smudgy/E-166-0.npy',
                                    'train_smudgy/E-160-1.npy',
                                    'train_smudgy/E-190-5.npy',
                                    'train_smudgy/E-170-5.npy',
                                    'train_smudgy/E-107-5.npy',
                                    'train_smudgy/E-100-5.npy',
                                    'train_smudgy/E-160-33.npy',
                                    'train_smudgy/E-179-20.npy',
                                    'train_smudgy/E-162-33.npy',
                                    'train_smudgy/E-108-1.npy',
                                    'train_smudgy/E-149-0.npy',
                                    'train_smudgy/E-140-33.npy',
                                    'train_smudgy/E-144-33.npy',
                                    'train_smudgy/E-116-1.npy',
                                    'train_smudgy/E-117-27.npy',
                                    'train_smudgy/E-103-0.npy',
                                    'train_smudgy/E-115-5.npy',
                                    'train_smudgy/E-124-5.npy',
                                    'train_smudgy/E-136-33.npy',
                                    'train_smudgy/E-106-20.npy',
                                    'train_smudgy/E-184-20.npy',
                                    'train_smudgy/E-134-0.npy',
                                    'train_smudgy/E-139-20.npy',
                                    'train_smudgy/E-166-5.npy',
                                    'train_smudgy/E-11-33.npy',
                                    'train_smudgy/E-107-1.npy',
                                    'train_smudgy/E-183-5.npy',
                                    'train_smudgy/E-147-20.npy',
                                    'train_smudgy/E-139-5.npy',
                                    'train_smudgy/E-170-27.npy',
                                    'train_smudgy/E-179-27.npy',
                                    'train_smudgy/E-103-1.npy',
                                    'train_smudgy/E-197-33.npy',
                                    'train_smudgy/E-138-33.npy',
                                    'train_smudgy/E-180-5.npy',
                                    'train_smudgy/E-152-0.npy',
                                    'train_smudgy/E-113-5.npy',
                                    'train_smudgy/E-105-5.npy',
                                    'train_smudgy/E-17-27.npy',
                                    'train_smudgy/E-192-33.npy',
                                    'train_smudgy/E-132-33.npy',
                                    'train_smudgy/E-132-1.npy',
                                    'train_smudgy/E-171-5.npy',
                                    'train_smudgy/E-166-20.npy',
                                    'train_smudgy/E-136-0.npy',
                                    'train_smudgy/E-172-0.npy',
                                    'train_smudgy/E-155-1.npy',
                                    'train_smudgy/E-113-27.npy',
                                    'train_smudgy/E-17-20.npy',
                                    'train_smudgy/E-108-20.npy',
                                    'train_smudgy/E-142-27.npy',
                                    'train_smudgy/E-134-20.npy',
                                    'train_smudgy/E-174-5.npy',
                                    'train_smudgy/E-111-27.npy',
                                    'train_smudgy/E-185-33.npy',
                                    'train_smudgy/E-166-33.npy',
                                    'train_smudgy/E-131-33.npy',
                                    'train_smudgy/E-165-1.npy',
                                    'train_smudgy/E-151-0.npy',
                                    'train_smudgy/E-138-27.npy',
                                    'train_smudgy/E-179-33.npy',
                                    'train_smudgy/E-172-33.npy',
                                    'train_smudgy/E-124-27.npy',
                                    'train_smudgy/E-105-27.npy',
                                    'train_smudgy/E-131-20.npy',
                                    'train_smudgy/E-160-0.npy',
                                    'train_smudgy/E-133-27.npy',
                                    'train_smudgy/E-188-5.npy',
                                    'train_smudgy/E-153-20.npy',
                                    'train_smudgy/E-161-33.npy',
                                    'train_smudgy/E-14-0.npy',
                                    'train_smudgy/E-150-5.npy',
                                    'train_smudgy/E-138-5.npy',
                                    'train_smudgy/E-170-0.npy',
                                    'train_smudgy/E-188-20.npy',
                                    'train_smudgy/E-106-27.npy',
                                    'train_smudgy/E-142-0.npy',
                                    'train_smudgy/E-178-1.npy',
                                    'train_smudgy/E-129-1.npy',
                                    'train_smudgy/E-135-27.npy',
                                    'train_smudgy/E-195-0.npy',
                                    'train_smudgy/E-193-33.npy',
                                    'train_smudgy/E-126-0.npy',
                                    'train_smudgy/E-145-1.npy',
                                    'train_smudgy/E-127-20.npy',
                                    'train_smudgy/E-180-33.npy',
                                    'train_smudgy/E-11-27.npy',
                                    'train_smudgy/E-140-0.npy',
                                    'train_smudgy/E-138-1.npy',
                                    'train_smudgy/E-190-20.npy',
                                    'train_smudgy/E-187-27.npy',
                                    'train_smudgy/E-14-1.npy',
                                    'train_smudgy/E-191-27.npy',
                                    'train_smudgy/E-148-33.npy',
                                    'train_smudgy/E-198-1.npy',
                                    'train_smudgy/E-110-0.npy',
                                    'train_smudgy/E-192-1.npy',
                                    'train_smudgy/E-165-33.npy',
                                    'train_smudgy/E-151-27.npy',
                                    'train_smudgy/E-103-33.npy',
                                    'train_smudgy/E-112-1.npy',
                                    'train_smudgy/E-186-27.npy',
                                    'train_smudgy/E-188-33.npy',
                                    'train_smudgy/E-110-27.npy',
                                    'train_smudgy/E-100-1.npy',
                                    'train_smudgy/E-136-5.npy',
                                    'train_smudgy/E-169-20.npy',
                                    'train_smudgy/E-101-5.npy',
                                    'train_smudgy/E-117-1.npy',
                                    'train_smudgy/E-183-33.npy',
                                    'train_smudgy/E-154-27.npy',
                                    'train_smudgy/E-129-5.npy',
                                    'train_smudgy/E-19-1.npy',
                                    'train_smudgy/E-195-27.npy',
                                    'train_smudgy/E-167-1.npy',
                                    'train_smudgy/E-138-0.npy',
                                    'train_smudgy/E-121-27.npy',
                                    'train_smudgy/E-199-5.npy',
                                    'train_smudgy/E-165-0.npy',
                                    'train_smudgy/E-197-5.npy',
                                    'train_smudgy/E-183-0.npy',
                                    'train_smudgy/E-152-27.npy',
                                    'train_smudgy/E-147-27.npy',
                                    'train_smudgy/E-179-5.npy',
                                    'train_smudgy/E-189-5.npy',
                                    'train_smudgy/E-119-5.npy',
                                    'train_smudgy/E-11-1.npy',
                                    'train_smudgy/E-159-5.npy',
                                    'train_smudgy/E-139-27.npy',
                                    'train_smudgy/E-123-33.npy',
                                    'train_smudgy/E-124-20.npy',
                                    'train_smudgy/E-114-20.npy',
                                    'train_smudgy/E-164-33.npy',
                                    'train_smudgy/E-114-27.npy',
                                    'train_smudgy/E-15-27.npy',
                                    'train_smudgy/E-138-20.npy',
                                    'train_smudgy/E-118-20.npy',
                                    'train_smudgy/E-15-33.npy',
                                    'train_smudgy/E-126-20.npy',
                                    'train_smudgy/E-190-0.npy',
                                    'train_smudgy/E-148-27.npy',
                                    'train_smudgy/E-102-1.npy',
                                    'train_smudgy/E-178-20.npy',
                                    'train_smudgy/E-199-33.npy',
                                    'train_smudgy/E-109-33.npy',
                                    'train_smudgy/E-111-1.npy',
                                    'train_smudgy/E-199-27.npy',
                                    'train_smudgy/E-161-27.npy',
                                    'train_smudgy/E-19-27.npy',
                                    'train_smudgy/E-100-33.npy',
                                    'train_smudgy/E-117-0.npy',
                                    'train_smudgy/E-194-20.npy',
                                    'train_smudgy/E-180-27.npy',
                                    'train_smudgy/E-104-20.npy',
                                    'train_smudgy/E-172-27.npy',
                                    'train_smudgy/E-12-1.npy',
                                    'train_smudgy/E-188-27.npy',
                                    'train_smudgy/E-123-1.npy',
                                    'train_smudgy/E-190-27.npy',
                                    'train_smudgy/E-125-33.npy',
                                    'train_smudgy/E-16-5.npy',
                                    'train_smudgy/E-100-27.npy',
                                    'train_smudgy/E-157-1.npy',
                                    'train_smudgy/E-174-1.npy',
                                    'train_smudgy/E-167-33.npy',
                                    'train_smudgy/E-112-20.npy',
                                    'train_smudgy/E-119-1.npy',
                                    'train_smudgy/E-101-20.npy',
                                    'train_smudgy/E-196-5.npy',
                                    'train_smudgy/E-184-33.npy',
                                    'train_smudgy/E-137-5.npy',
                                    'train_smudgy/E-183-20.npy',
                                    'train_smudgy/E-107-33.npy',
                                    'train_smudgy/E-173-27.npy',
                                    'train_smudgy/E-195-1.npy',
                                    'train_smudgy/E-16-0.npy',
                                    'train_smudgy/E-113-0.npy',
                                    'train_smudgy/E-190-33.npy',
                                    'train_smudgy/E-106-5.npy',
                                    'train_smudgy/E-180-20.npy',
                                    'train_smudgy/E-155-33.npy',
                                    'train_smudgy/E-150-33.npy',
                                    'train_smudgy/E-113-20.npy',
                                    'train_smudgy/E-144-5.npy',
                                    'train_smudgy/E-13-20.npy',
                                    'train_smudgy/E-193-0.npy',
                                    'train_smudgy/E-120-33.npy',
                                    'train_smudgy/E-162-27.npy',
                                    'train_smudgy/E-135-20.npy',
                                    'train_smudgy/E-178-0.npy',
                                    'train_smudgy/E-153-5.npy',
                                    'train_smudgy/E-147-33.npy',
                                    'train_smudgy/E-134-5.npy',
                                    'train_smudgy/E-172-5.npy',
                                    'train_smudgy/E-153-33.npy',
                                    'train_smudgy/E-146-1.npy',
                                    'train_smudgy/E-135-1.npy',
                                    'train_smudgy/E-108-27.npy',
                                    'train_smudgy/E-183-27.npy',
                                    'train_smudgy/E-123-5.npy',
                                    'train_smudgy/E-102-33.npy',
                                    'train_smudgy/E-146-27.npy',
                                    'train_smudgy/E-156-1.npy',
                                    'train_smudgy/E-178-27.npy',
                                    'train_smudgy/E-141-5.npy',
                                    'train_smudgy/E-134-33.npy',
                                    'train_smudgy/E-168-1.npy',
                                    'train_smudgy/E-179-0.npy',
                                    'train_smudgy/E-152-1.npy',
                                    'train_smudgy/E-187-33.npy',
                                    'train_smudgy/E-199-1.npy',
                                    'train_smudgy/E-194-5.npy',
                                    'train_smudgy/E-162-5.npy',
                                    'train_smudgy/E-19-20.npy',
                                    'train_smudgy/E-182-1.npy',
                                    'train_smudgy/E-174-0.npy',
                                    'train_smudgy/E-171-33.npy',
                                    'train_smudgy/E-175-27.npy',
                                    'train_smudgy/E-157-0.npy',
                                    'train_smudgy/E-141-0.npy',
                                    'train_smudgy/E-122-5.npy',
                                    'train_smudgy/E-115-33.npy',
                                    'train_smudgy/E-116-27.npy',
                                    'train_smudgy/E-109-5.npy',
                                    'train_smudgy/E-103-20.npy',
                                    'train_smudgy/E-137-1.npy',
                                    'train_smudgy/E-161-1.npy',
                                    'train_smudgy/E-143-27.npy',
                                    'train_smudgy/E-141-20.npy',
                                    'train_smudgy/E-175-20.npy',
                                    'train_smudgy/E-170-1.npy',
                                    'train_smudgy/E-167-5.npy',
                                    'train_smudgy/E-132-0.npy',
                                    'train_smudgy/E-196-27.npy',
                                    'train_smudgy/E-157-27.npy',
                                    'train_smudgy/E-147-5.npy',
                                    'train_smudgy/E-14-5.npy',
                                    'train_smudgy/E-18-20.npy',
                                    'train_smudgy/E-185-20.npy',
                                    'train_smudgy/E-194-27.npy',
                                    'train_smudgy/E-143-33.npy',
                                    'train_smudgy/E-189-20.npy',
                                    'train_smudgy/E-173-0.npy',
                                    'train_smudgy/E-194-1.npy',
                                    'train_smudgy/E-189-33.npy',
                                    'train_smudgy/E-126-27.npy',
                                    'train_smudgy/E-117-33.npy',
                                    'train_smudgy/E-129-20.npy',
                                    'train_smudgy/E-182-27.npy',
                                    'train_smudgy/E-186-5.npy',
                                    'train_smudgy/E-176-20.npy',
                                    'train_smudgy/E-135-33.npy',
                                    'train_smudgy/E-136-1.npy',
                                    'train_smudgy/E-154-5.npy',
                                    'train_smudgy/E-171-0.npy',
                                    'train_smudgy/E-111-33.npy',
                                    'train_smudgy/E-144-20.npy',
                                    'train_smudgy/E-15-5.npy',
                                    'train_smudgy/E-120-5.npy',
                                    'train_smudgy/E-156-5.npy',
                                    'train_smudgy/E-176-1.npy',
                                    'train_smudgy/E-164-27.npy',
                                    'train_smudgy/E-173-1.npy',
                                    'train_smudgy/E-11-5.npy',
                                    'train_smudgy/E-109-27.npy',
                                    'train_smudgy/E-127-33.npy',
                                    'train_smudgy/E-147-0.npy',
                                    'train_smudgy/E-194-33.npy',
                                    'train_smudgy/E-112-5.npy',
                                    'train_smudgy/E-162-20.npy',
                                    'train_smudgy/E-124-1.npy',
                                    'train_smudgy/E-18-27.npy',
                                    'train_smudgy/E-193-5.npy',
                                    'train_smudgy/E-146-20.npy',
                                    'train_smudgy/E-199-0.npy',
                                    'train_smudgy/E-151-33.npy',
                                    'train_smudgy/E-19-33.npy',
                                    'train_smudgy/E-175-0.npy',
                                    'train_smudgy/E-136-27.npy',
                                    'train_smudgy/E-127-27.npy',
                                    'train_smudgy/E-13-0.npy',
                                    'train_smudgy/E-166-1.npy',
                                    'train_smudgy/E-128-27.npy',
                                    'train_smudgy/E-176-0.npy',
                                    'train_smudgy/E-12-5.npy',
                                    'train_smudgy/E-119-20.npy',
                                    'train_smudgy/E-132-5.npy',
                                    'train_smudgy/E-149-27.npy',
                                    'train_smudgy/E-158-0.npy',
                                    'train_smudgy/E-113-33.npy',
                                    'train_smudgy/E-187-20.npy',
                                    'train_smudgy/E-156-27.npy',
                                    'train_smudgy/E-140-5.npy',
                                    'train_smudgy/E-17-0.npy',
                                    'train_smudgy/E-147-1.npy',
                                    'train_smudgy/E-177-20.npy',
                                    'train_smudgy/E-143-0.npy',
                                    'train_smudgy/E-162-1.npy',
                                    'train_smudgy/E-133-5.npy',
                                    'train_smudgy/E-116-5.npy',
                                    'train_smudgy/E-169-5.npy',
                                    'train_smudgy/E-13-1.npy',
                                    'train_smudgy/E-170-33.npy',
                                    'train_smudgy/E-14-33.npy',
                                    'train_smudgy/E-110-5.npy',
                                    'train_smudgy/E-196-1.npy',
                                    'train_smudgy/E-187-1.npy',
                                    'train_smudgy/E-130-33.npy',
                                    'train_smudgy/E-17-33.npy',
                                    'train_smudgy/E-154-20.npy',
                                    'train_smudgy/E-119-27.npy',
                                    'train_smudgy/E-111-0.npy',
                                    'train_smudgy/E-133-33.npy',
                                    'train_smudgy/E-102-27.npy',
                                    'train_smudgy/E-154-33.npy',
                                    'train_smudgy/E-186-33.npy',
                                    'train_smudgy/E-180-0.npy',
                                    'train_smudgy/E-16-1.npy',
                                    'train_smudgy/E-183-1.npy',
                                    'train_smudgy/E-125-20.npy',
                                    'train_smudgy/E-128-1.npy',
                                    'train_smudgy/E-125-0.npy',
                                    'train_smudgy/E-191-5.npy',
                                    'train_smudgy/E-112-0.npy',
                                    'train_smudgy/E-107-20.npy',
                                    'train_smudgy/E-123-20.npy',
                                    'train_smudgy/E-145-0.npy',
                                    'train_smudgy/E-128-33.npy',
                                    'train_smudgy/E-116-0.npy',
                                    'train_smudgy/E-109-1.npy',
                                    'train_smudgy/E-173-20.npy',
                                    'train_smudgy/E-111-5.npy',
                                    'train_smudgy/E-12-0.npy',
                                    'train_smudgy/E-104-1.npy',
                                    'train_smudgy/E-19-0.npy',
                                    'train_smudgy/E-144-0.npy',
                                    'train_smudgy/E-12-33.npy',
                                    'train_smudgy/E-193-1.npy',
                                    'train_smudgy/E-135-0.npy',
                                    'train_smudgy/E-148-20.npy',
                                    'train_smudgy/E-181-20.npy',
                                    'train_smudgy/E-154-1.npy',
                                    'train_smudgy/E-179-1.npy',
                                    'train_smudgy/E-101-27.npy',
                                    'train_smudgy/E-191-33.npy',
                                    'train_smudgy/E-188-0.npy',
                                    'train_smudgy/E-174-33.npy',
                                    'train_smudgy/E-174-27.npy',
                                    'train_smudgy/E-118-1.npy',
                                    'train_smudgy/E-103-5.npy',
                                    'train_smudgy/E-155-27.npy',
                                    'train_smudgy/E-112-27.npy',
                                    'train_smudgy/E-16-20.npy',
                                    'train_smudgy/E-115-1.npy',
                                    'train_smudgy/E-172-20.npy',
                                    'train_smudgy/E-100-20.npy',
                                    'train_smudgy/E-104-0.npy',
                                    'train_smudgy/E-121-1.npy',
                                    'train_smudgy/E-129-0.npy',
                                    'train_smudgy/E-185-0.npy',
                                    'train_smudgy/E-168-0.npy',
                                    'train_smudgy/E-193-20.npy',
                                    'train_smudgy/E-12-27.npy',
                                    'train_smudgy/E-151-20.npy',
                                    'train_smudgy/E-174-20.npy',
                                    'train_smudgy/E-150-1.npy',
                                    'train_smudgy/E-126-1.npy',
                                    'train_smudgy/E-114-5.npy',
                                    'train_smudgy/E-131-0.npy',
                                    'train_smudgy/E-115-20.npy',
                                    'train_smudgy/E-128-5.npy',
                                    'train_smudgy/E-142-33.npy',
                                    'train_smudgy/E-159-20.npy',
                                    'train_smudgy/E-163-5.npy',
                                    'train_smudgy/E-175-5.npy',
                                    'train_smudgy/E-185-5.npy',
                                    'train_smudgy/E-150-0.npy',
                                    'train_smudgy/E-109-20.npy',
                                    'train_smudgy/E-141-27.npy',
                                    'train_smudgy/E-130-20.npy',
                                    'train_smudgy/E-156-20.npy',
                                    'train_smudgy/E-123-0.npy',
                                    'train_smudgy/E-182-0.npy',
                                    'train_smudgy/E-140-27.npy',
                                    'train_smudgy/E-198-33.npy',
                                    'train_smudgy/E-155-20.npy',
                                    'train_smudgy/E-163-33.npy',
                                    'train_smudgy/E-197-27.npy',
                                    'train_smudgy/E-160-5.npy',
                                    'train_smudgy/E-13-27.npy',
                                    'train_smudgy/E-117-5.npy',
                                    'train_smudgy/E-104-27.npy',
                                    'train_smudgy/E-191-0.npy',
                                    'train_smudgy/E-107-27.npy',
                                    'train_smudgy/E-141-33.npy',
                                    'train_smudgy/E-181-27.npy',
                                    'train_smudgy/E-186-20.npy',
                                    'train_smudgy/E-105-33.npy',
                                    'train_smudgy/E-171-20.npy',
                                    'train_smudgy/E-143-1.npy',
                                    'train_smudgy/E-137-0.npy',
                                    'train_smudgy/E-164-0.npy',
                                    'train_smudgy/E-121-20.npy',
                                    'train_smudgy/E-181-33.npy',
                                    'train_smudgy/E-119-0.npy',
                                    'train_smudgy/E-190-1.npy',
                                    'train_smudgy/E-185-27.npy',
                                    'train_smudgy/E-19-5.npy',
                                    'train_smudgy/E-139-33.npy',
                                    'train_smudgy/E-159-0.npy',
                                    'train_smudgy/E-197-0.npy',
                                    'train_smudgy/E-103-27.npy',
                                    'train_smudgy/E-121-33.npy',
                                    'train_smudgy/E-102-0.npy',
                                    'train_smudgy/E-176-33.npy',
                                    'train_smudgy/E-176-27.npy',
                                    'train_smudgy/E-131-27.npy',
                                    'train_smudgy/E-144-27.npy',
                                    'train_smudgy/E-133-20.npy',
                                    'train_smudgy/E-136-20.npy',
                                    'train_smudgy/E-113-1.npy',
                                    'train_smudgy/E-151-1.npy',
                                    'train_smudgy/E-125-27.npy',
                                    'train_smudgy/E-186-1.npy',
                                    'train_smudgy/E-193-27.npy',
                                    'train_smudgy/E-125-1.npy',
                                    'train_smudgy/E-102-20.npy',
                                    'train_smudgy/E-108-33.npy',
                                    'train_smudgy/E-145-5.npy',
                                    'train_smudgy/E-162-0.npy',
                                    'train_smudgy/E-14-27.npy',
                                    'train_smudgy/E-158-5.npy',
                                    'train_smudgy/E-184-27.npy',
                                    'train_smudgy/E-153-27.npy',
                                    'train_smudgy/E-13-5.npy',
                                    'train_smudgy/E-119-33.npy',
                                    'train_smudgy/E-175-33.npy',
                                    'train_smudgy/E-157-33.npy',
                                    'train_smudgy/E-196-20.npy',
                                    'train_smudgy/E-149-20.npy',
                                    'train_smudgy/E-195-5.npy',
                                    'train_smudgy/E-165-20.npy',
                                    'train_smudgy/E-198-0.npy',
                                    'train_smudgy/E-118-5.npy',
                                    'train_smudgy/E-130-5.npy',
                                    'train_smudgy/E-143-20.npy',
                                    'train_smudgy/E-108-5.npy',
                                    'train_smudgy/E-163-20.npy',
                                    'train_smudgy/E-152-5.npy',
                                    'train_smudgy/E-158-27.npy',
                                    'train_smudgy/E-126-5.npy',
                                    'train_smudgy/E-173-33.npy',
                                    'train_smudgy/E-177-27.npy',
                                    'train_smudgy/E-198-5.npy',
                                    'train_smudgy/E-188-1.npy',
                                    'train_smudgy/E-130-0.npy',
                                    'train_smudgy/E-148-1.npy',
                                    'train_smudgy/E-151-5.npy',
                                    'train_smudgy/E-127-1.npy',
                                    'train_smudgy/E-152-20.npy',
                                    'train_smudgy/E-131-5.npy',
                                    'train_smudgy/E-153-1.npy',
                                    'train_smudgy/E-191-1.npy',
                                    'train_smudgy/E-198-27.npy',
                                    'train_smudgy/E-169-27.npy',
                                    'train_smudgy/E-163-27.npy',
                                    'train_smudgy/E-189-1.npy',
                                    'train_smudgy/E-116-20.npy',
                                    'train_smudgy/E-186-0.npy',
                                    'train_smudgy/E-145-20.npy',
                                    'train_smudgy/E-149-1.npy',
                                    'train_smudgy/E-135-5.npy',
                                    'train_smudgy/E-158-33.npy',
                                    'train_smudgy/E-109-0.npy',
                                    'train_smudgy/E-122-33.npy',
                                    'train_smudgy/E-15-20.npy',
                                    'train_smudgy/E-101-1.npy',
                                    'train_smudgy/E-130-27.npy',
                                    'train_smudgy/E-150-27.npy',
                                    'train_smudgy/E-165-27.npy',
                                    'train_smudgy/E-120-1.npy',
                                    'train_smudgy/E-118-0.npy',
                                    'train_smudgy/E-120-0.npy',
                                    'train_smudgy/E-155-0.npy',
                                    'train_smudgy/E-150-20.npy',
                                    'train_smudgy/E-168-33.npy',
                                    'train_smudgy/E-156-33.npy',
                                    'train_smudgy/E-187-0.npy',
                                    'train_smudgy/E-199-20.npy',
                                    'train_smudgy/E-153-0.npy',
                                    'train_smudgy/E-178-5.npy',
                                    'train_smudgy/E-177-33.npy',
                                    'train_smudgy/E-175-1.npy',
                                    'train_smudgy/E-106-33.npy',
                                    'train_smudgy/E-118-33.npy',
                                    'train_smudgy/E-127-0.npy',
                                    'train_smudgy/E-191-20.npy',
                                    'train_smudgy/E-148-0.npy',
                                    'train_smudgy/E-169-1.npy',
                                    'train_smudgy/E-14-20.npy',
                                    'train_smudgy/E-133-1.npy',
                                    'train_smudgy/E-160-27.npy',
                                    'train_smudgy/E-18-5.npy',
                                    'train_smudgy/E-134-27.npy',
                                    'train_smudgy/E-121-5.npy',
                                    'train_smudgy/E-134-1.npy',
                                    'train_smudgy/E-168-20.npy',
                                    'train_smudgy/E-142-1.npy',
                                    'train_smudgy/E-197-1.npy',
                                    'train_smudgy/E-192-0.npy',
                                    'train_smudgy/E-12-20.npy',
                                    'train_smudgy/E-167-27.npy',
                                    'train_smudgy/E-122-0.npy',
                                    'train_smudgy/E-154-0.npy',
                                    'train_smudgy/E-160-20.npy',
                                    'train_smudgy/E-159-27.npy',
                                    'train_smudgy/E-189-27.npy',
                                    'train_smudgy/E-17-5.npy',
                                    'train_smudgy/E-104-33.npy',
                                    'train_smudgy/E-106-1.npy',
                                    'train_smudgy/E-196-0.npy',
                                    'train_smudgy/E-114-1.npy',
                                    'train_smudgy/E-182-5.npy',
                                    'train_smudgy/E-137-33.npy',
                                    'train_smudgy/E-107-0.npy',
                                    'train_smudgy/E-114-0.npy',
                                    'train_smudgy/E-101-33.npy',
                                    'train_smudgy/E-129-27.npy',
                                    'train_smudgy/E-122-27.npy',
                                    'train_smudgy/E-132-27.npy',
                                    'train_smudgy/E-126-33.npy',
                                    'train_smudgy/E-180-1.npy',
                                    'train_smudgy/E-185-1.npy',
                                    'train_smudgy/E-139-0.npy',
                                    'train_smudgy/E-158-1.npy',
                                    'train_smudgy/E-137-27.npy',
                                    'train_smudgy/E-164-1.npy',
                                    'train_smudgy/E-149-5.npy',
                                    'train_smudgy/E-155-5.npy',
                                    'train_smudgy/E-100-0.npy',
                                    'train_smudgy/E-169-0.npy',
                                    'train_smudgy/E-171-27.npy',
                                    'train_smudgy/E-177-1.npy',
                                    'train_smudgy/E-115-27.npy',
                                    'train_smudgy/E-18-33.npy',
                                    'train_smudgy/E-16-27.npy',
                                    'train_smudgy/E-161-0.npy',
                                    'train_smudgy/E-122-1.npy',
                                    'train_smudgy/E-152-33.npy',
                                    'train_smudgy/E-120-20.npy',
                                    'train_smudgy/E-116-33.npy',
                                    'train_smudgy/E-137-20.npy',
                                    'train_smudgy/E-105-0.npy',
                                    'train_smudgy/E-166-27.npy',
                                    'train_smudgy/E-123-27.npy',
                                    'train_smudgy/E-112-33.npy',
                                    'train_smudgy/E-101-0.npy',
                                    'train_smudgy/E-110-20.npy',
                                    'train_smudgy/E-102-5.npy',
                                    'train_smudgy/E-181-1.npy',
                                    'train_smudgy/E-145-27.npy',
                                    'train_smudgy/E-184-1.npy',
                                    'train_smudgy/E-161-5.npy',
                                    'train_smudgy/E-176-5.npy',
                                    'train_smudgy/E-167-0.npy',
                                    'train_smudgy/E-122-20.npy',
                                    'train_smudgy/E-163-0.npy',
                                    'train_smudgy/E-125-5.npy',
                                    'train_smudgy/E-182-33.npy'],
                      'T-*-*.npy': ['train_smudgy/T-117-20.npy',
                                    'train_smudgy/T-192-27.npy',
                                    'train_smudgy/T-110-1.npy',
                                    'train_smudgy/T-182-20.npy',
                                    'train_smudgy/T-16-33.npy',
                                    'train_smudgy/T-124-0.npy',
                                    'train_smudgy/T-177-0.npy',
                                    'train_smudgy/T-146-0.npy',
                                    'train_smudgy/T-128-0.npy',
                                    'train_smudgy/T-164-20.npy',
                                    'train_smudgy/T-132-20.npy',
                                    'train_smudgy/T-148-5.npy',
                                    'train_smudgy/T-127-5.npy',
                                    'train_smudgy/T-181-0.npy',
                                    'train_smudgy/T-187-5.npy',
                                    'train_smudgy/T-130-1.npy',
                                    'train_smudgy/T-133-0.npy',
                                    'train_smudgy/T-169-33.npy',
                                    'train_smudgy/T-165-5.npy',
                                    'train_smudgy/T-172-1.npy',
                                    'train_smudgy/T-124-33.npy',
                                    'train_smudgy/T-161-20.npy',
                                    'train_smudgy/T-141-1.npy',
                                    'train_smudgy/T-15-1.npy',
                                    'train_smudgy/T-144-1.npy',
                                    'train_smudgy/T-146-5.npy',
                                    'train_smudgy/T-184-5.npy',
                                    'train_smudgy/T-128-20.npy',
                                    'train_smudgy/T-157-20.npy',
                                    'train_smudgy/T-189-0.npy',
                                    'train_smudgy/T-139-1.npy',
                                    'train_smudgy/T-104-5.npy',
                                    'train_smudgy/T-105-20.npy',
                                    'train_smudgy/T-17-1.npy',
                                    'train_smudgy/T-164-5.npy',
                                    'train_smudgy/T-18-0.npy',
                                    'train_smudgy/T-156-0.npy',
                                    'train_smudgy/T-142-5.npy',
                                    'train_smudgy/T-192-20.npy',
                                    'train_smudgy/T-11-20.npy',
                                    'train_smudgy/T-146-33.npy',
                                    'train_smudgy/T-197-20.npy',
                                    'train_smudgy/T-192-5.npy',
                                    'train_smudgy/T-143-5.npy',
                                    'train_smudgy/T-173-5.npy',
                                    'train_smudgy/T-129-33.npy',
                                    'train_smudgy/T-198-20.npy',
                                    'train_smudgy/T-163-1.npy',
                                    'train_smudgy/T-149-33.npy',
                                    'train_smudgy/T-170-20.npy',
                                    'train_smudgy/T-115-0.npy',
                                    'train_smudgy/T-171-1.npy',
                                    'train_smudgy/T-118-27.npy',
                                    'train_smudgy/T-142-20.npy',
                                    'train_smudgy/T-18-1.npy',
                                    'train_smudgy/T-159-33.npy',
                                    'train_smudgy/T-106-0.npy',
                                    'train_smudgy/T-108-0.npy',
                                    'train_smudgy/T-15-0.npy',
                                    'train_smudgy/T-195-20.npy',
                                    'train_smudgy/T-158-20.npy',
                                    'train_smudgy/T-111-20.npy',
                                    'train_smudgy/T-140-1.npy',
                                    'train_smudgy/T-157-5.npy',
                                    'train_smudgy/T-195-33.npy',
                                    'train_smudgy/T-181-5.npy',
                                    'train_smudgy/T-121-0.npy',
                                    'train_smudgy/T-196-33.npy',
                                    'train_smudgy/T-159-1.npy',
                                    'train_smudgy/T-167-20.npy',
                                    'train_smudgy/T-184-0.npy',
                                    'train_smudgy/T-145-33.npy',
                                    'train_smudgy/T-105-1.npy',
                                    'train_smudgy/T-168-5.npy',
                                    'train_smudgy/T-194-0.npy',
                                    'train_smudgy/T-120-27.npy',
                                    'train_smudgy/T-11-0.npy',
                                    'train_smudgy/T-13-33.npy',
                                    'train_smudgy/T-140-20.npy',
                                    'train_smudgy/T-114-33.npy',
                                    'train_smudgy/T-178-33.npy',
                                    'train_smudgy/T-177-5.npy',
                                    'train_smudgy/T-131-1.npy',
                                    'train_smudgy/T-168-27.npy',
                                    'train_smudgy/T-110-33.npy',
                                    'train_smudgy/T-166-0.npy',
                                    'train_smudgy/T-160-1.npy',
                                    'train_smudgy/T-190-5.npy',
                                    'train_smudgy/T-170-5.npy',
                                    'train_smudgy/T-107-5.npy',
                                    'train_smudgy/T-100-5.npy',
                                    'train_smudgy/T-160-33.npy',
                                    'train_smudgy/T-179-20.npy',
                                    'train_smudgy/T-162-33.npy',
                                    'train_smudgy/T-108-1.npy',
                                    'train_smudgy/T-149-0.npy',
                                    'train_smudgy/T-140-33.npy',
                                    'train_smudgy/T-144-33.npy',
                                    'train_smudgy/T-116-1.npy',
                                    'train_smudgy/T-117-27.npy',
                                    'train_smudgy/T-103-0.npy',
                                    'train_smudgy/T-115-5.npy',
                                    'train_smudgy/T-124-5.npy',
                                    'train_smudgy/T-136-33.npy',
                                    'train_smudgy/T-106-20.npy',
                                    'train_smudgy/T-184-20.npy',
                                    'train_smudgy/T-134-0.npy',
                                    'train_smudgy/T-139-20.npy',
                                    'train_smudgy/T-166-5.npy',
                                    'train_smudgy/T-11-33.npy',
                                    'train_smudgy/T-107-1.npy',
                                    'train_smudgy/T-183-5.npy',
                                    'train_smudgy/T-147-20.npy',
                                    'train_smudgy/T-139-5.npy',
                                    'train_smudgy/T-170-27.npy',
                                    'train_smudgy/T-179-27.npy',
                                    'train_smudgy/T-103-1.npy',
                                    'train_smudgy/T-197-33.npy',
                                    'train_smudgy/T-138-33.npy',
                                    'train_smudgy/T-180-5.npy',
                                    'train_smudgy/T-152-0.npy',
                                    'train_smudgy/T-113-5.npy',
                                    'train_smudgy/T-105-5.npy',
                                    'train_smudgy/T-17-27.npy',
                                    'train_smudgy/T-192-33.npy',
                                    'train_smudgy/T-132-33.npy',
                                    'train_smudgy/T-132-1.npy',
                                    'train_smudgy/T-171-5.npy',
                                    'train_smudgy/T-166-20.npy',
                                    'train_smudgy/T-136-0.npy',
                                    'train_smudgy/T-172-0.npy',
                                    'train_smudgy/T-155-1.npy',
                                    'train_smudgy/T-113-27.npy',
                                    'train_smudgy/T-17-20.npy',
                                    'train_smudgy/T-108-20.npy',
                                    'train_smudgy/T-142-27.npy',
                                    'train_smudgy/T-134-20.npy',
                                    'train_smudgy/T-174-5.npy',
                                    'train_smudgy/T-111-27.npy',
                                    'train_smudgy/T-185-33.npy',
                                    'train_smudgy/T-166-33.npy',
                                    'train_smudgy/T-131-33.npy',
                                    'train_smudgy/T-165-1.npy',
                                    'train_smudgy/T-151-0.npy',
                                    'train_smudgy/T-138-27.npy',
                                    'train_smudgy/T-179-33.npy',
                                    'train_smudgy/T-172-33.npy',
                                    'train_smudgy/T-124-27.npy',
                                    'train_smudgy/T-105-27.npy',
                                    'train_smudgy/T-131-20.npy',
                                    'train_smudgy/T-160-0.npy',
                                    'train_smudgy/T-133-27.npy',
                                    'train_smudgy/T-188-5.npy',
                                    'train_smudgy/T-153-20.npy',
                                    'train_smudgy/T-161-33.npy',
                                    'train_smudgy/T-14-0.npy',
                                    'train_smudgy/T-150-5.npy',
                                    'train_smudgy/T-138-5.npy',
                                    'train_smudgy/T-170-0.npy',
                                    'train_smudgy/T-188-20.npy',
                                    'train_smudgy/T-106-27.npy',
                                    'train_smudgy/T-142-0.npy',
                                    'train_smudgy/T-178-1.npy',
                                    'train_smudgy/T-129-1.npy',
                                    'train_smudgy/T-135-27.npy',
                                    'train_smudgy/T-195-0.npy',
                                    'train_smudgy/T-193-33.npy',
                                    'train_smudgy/T-126-0.npy',
                                    'train_smudgy/T-145-1.npy',
                                    'train_smudgy/T-127-20.npy',
                                    'train_smudgy/T-180-33.npy',
                                    'train_smudgy/T-11-27.npy',
                                    'train_smudgy/T-140-0.npy',
                                    'train_smudgy/T-138-1.npy',
                                    'train_smudgy/T-190-20.npy',
                                    'train_smudgy/T-187-27.npy',
                                    'train_smudgy/T-14-1.npy',
                                    'train_smudgy/T-191-27.npy',
                                    'train_smudgy/T-148-33.npy',
                                    'train_smudgy/T-198-1.npy',
                                    'train_smudgy/T-110-0.npy',
                                    'train_smudgy/T-192-1.npy',
                                    'train_smudgy/T-165-33.npy',
                                    'train_smudgy/T-151-27.npy',
                                    'train_smudgy/T-103-33.npy',
                                    'train_smudgy/T-112-1.npy',
                                    'train_smudgy/T-186-27.npy',
                                    'train_smudgy/T-188-33.npy',
                                    'train_smudgy/T-110-27.npy',
                                    'train_smudgy/T-100-1.npy',
                                    'train_smudgy/T-136-5.npy',
                                    'train_smudgy/T-169-20.npy',
                                    'train_smudgy/T-101-5.npy',
                                    'train_smudgy/T-117-1.npy',
                                    'train_smudgy/T-183-33.npy',
                                    'train_smudgy/T-154-27.npy',
                                    'train_smudgy/T-129-5.npy',
                                    'train_smudgy/T-19-1.npy',
                                    'train_smudgy/T-195-27.npy',
                                    'train_smudgy/T-167-1.npy',
                                    'train_smudgy/T-138-0.npy',
                                    'train_smudgy/T-121-27.npy',
                                    'train_smudgy/T-199-5.npy',
                                    'train_smudgy/T-165-0.npy',
                                    'train_smudgy/T-197-5.npy',
                                    'train_smudgy/T-183-0.npy',
                                    'train_smudgy/T-152-27.npy',
                                    'train_smudgy/T-147-27.npy',
                                    'train_smudgy/T-179-5.npy',
                                    'train_smudgy/T-189-5.npy',
                                    'train_smudgy/T-119-5.npy',
                                    'train_smudgy/T-11-1.npy',
                                    'train_smudgy/T-159-5.npy',
                                    'train_smudgy/T-139-27.npy',
                                    'train_smudgy/T-123-33.npy',
                                    'train_smudgy/T-124-20.npy',
                                    'train_smudgy/T-114-20.npy',
                                    'train_smudgy/T-164-33.npy',
                                    'train_smudgy/T-114-27.npy',
                                    'train_smudgy/T-15-27.npy',
                                    'train_smudgy/T-138-20.npy',
                                    'train_smudgy/T-118-20.npy',
                                    'train_smudgy/T-15-33.npy',
                                    'train_smudgy/T-126-20.npy',
                                    'train_smudgy/T-190-0.npy',
                                    'train_smudgy/T-148-27.npy',
                                    'train_smudgy/T-102-1.npy',
                                    'train_smudgy/T-178-20.npy',
                                    'train_smudgy/T-199-33.npy',
                                    'train_smudgy/T-109-33.npy',
                                    'train_smudgy/T-111-1.npy',
                                    'train_smudgy/T-199-27.npy',
                                    'train_smudgy/T-161-27.npy',
                                    'train_smudgy/T-19-27.npy',
                                    'train_smudgy/T-100-33.npy',
                                    'train_smudgy/T-117-0.npy',
                                    'train_smudgy/T-194-20.npy',
                                    'train_smudgy/T-180-27.npy',
                                    'train_smudgy/T-104-20.npy',
                                    'train_smudgy/T-172-27.npy',
                                    'train_smudgy/T-12-1.npy',
                                    'train_smudgy/T-188-27.npy',
                                    'train_smudgy/T-123-1.npy',
                                    'train_smudgy/T-190-27.npy',
                                    'train_smudgy/T-125-33.npy',
                                    'train_smudgy/T-16-5.npy',
                                    'train_smudgy/T-100-27.npy',
                                    'train_smudgy/T-157-1.npy',
                                    'train_smudgy/T-174-1.npy',
                                    'train_smudgy/T-167-33.npy',
                                    'train_smudgy/T-112-20.npy',
                                    'train_smudgy/T-119-1.npy',
                                    'train_smudgy/T-101-20.npy',
                                    'train_smudgy/T-196-5.npy',
                                    'train_smudgy/T-184-33.npy',
                                    'train_smudgy/T-137-5.npy',
                                    'train_smudgy/T-183-20.npy',
                                    'train_smudgy/T-107-33.npy',
                                    'train_smudgy/T-173-27.npy',
                                    'train_smudgy/T-195-1.npy',
                                    'train_smudgy/T-16-0.npy',
                                    'train_smudgy/T-113-0.npy',
                                    'train_smudgy/T-190-33.npy',
                                    'train_smudgy/T-106-5.npy',
                                    'train_smudgy/T-180-20.npy',
                                    'train_smudgy/T-155-33.npy',
                                    'train_smudgy/T-150-33.npy',
                                    'train_smudgy/T-113-20.npy',
                                    'train_smudgy/T-144-5.npy',
                                    'train_smudgy/T-13-20.npy',
                                    'train_smudgy/T-193-0.npy',
                                    'train_smudgy/T-120-33.npy',
                                    'train_smudgy/T-162-27.npy',
                                    'train_smudgy/T-135-20.npy',
                                    'train_smudgy/T-178-0.npy',
                                    'train_smudgy/T-153-5.npy',
                                    'train_smudgy/T-147-33.npy',
                                    'train_smudgy/T-134-5.npy',
                                    'train_smudgy/T-172-5.npy',
                                    'train_smudgy/T-153-33.npy',
                                    'train_smudgy/T-146-1.npy',
                                    'train_smudgy/T-135-1.npy',
                                    'train_smudgy/T-108-27.npy',
                                    'train_smudgy/T-183-27.npy',
                                    'train_smudgy/T-123-5.npy',
                                    'train_smudgy/T-102-33.npy',
                                    'train_smudgy/T-146-27.npy',
                                    'train_smudgy/T-156-1.npy',
                                    'train_smudgy/T-178-27.npy',
                                    'train_smudgy/T-141-5.npy',
                                    'train_smudgy/T-134-33.npy',
                                    'train_smudgy/T-168-1.npy',
                                    'train_smudgy/T-179-0.npy',
                                    'train_smudgy/T-152-1.npy',
                                    'train_smudgy/T-187-33.npy',
                                    'train_smudgy/T-199-1.npy',
                                    'train_smudgy/T-194-5.npy',
                                    'train_smudgy/T-162-5.npy',
                                    'train_smudgy/T-19-20.npy',
                                    'train_smudgy/T-182-1.npy',
                                    'train_smudgy/T-174-0.npy',
                                    'train_smudgy/T-171-33.npy',
                                    'train_smudgy/T-175-27.npy',
                                    'train_smudgy/T-157-0.npy',
                                    'train_smudgy/T-141-0.npy',
                                    'train_smudgy/T-122-5.npy',
                                    'train_smudgy/T-115-33.npy',
                                    'train_smudgy/T-116-27.npy',
                                    'train_smudgy/T-109-5.npy',
                                    'train_smudgy/T-103-20.npy',
                                    'train_smudgy/T-137-1.npy',
                                    'train_smudgy/T-161-1.npy',
                                    'train_smudgy/T-143-27.npy',
                                    'train_smudgy/T-141-20.npy',
                                    'train_smudgy/T-175-20.npy',
                                    'train_smudgy/T-170-1.npy',
                                    'train_smudgy/T-167-5.npy',
                                    'train_smudgy/T-132-0.npy',
                                    'train_smudgy/T-196-27.npy',
                                    'train_smudgy/T-157-27.npy',
                                    'train_smudgy/T-147-5.npy',
                                    'train_smudgy/T-14-5.npy',
                                    'train_smudgy/T-18-20.npy',
                                    'train_smudgy/T-185-20.npy',
                                    'train_smudgy/T-194-27.npy',
                                    'train_smudgy/T-143-33.npy',
                                    'train_smudgy/T-189-20.npy',
                                    'train_smudgy/T-173-0.npy',
                                    'train_smudgy/T-194-1.npy',
                                    'train_smudgy/T-189-33.npy',
                                    'train_smudgy/T-126-27.npy',
                                    'train_smudgy/T-117-33.npy',
                                    'train_smudgy/T-129-20.npy',
                                    'train_smudgy/T-182-27.npy',
                                    'train_smudgy/T-186-5.npy',
                                    'train_smudgy/T-176-20.npy',
                                    'train_smudgy/T-135-33.npy',
                                    'train_smudgy/T-136-1.npy',
                                    'train_smudgy/T-154-5.npy',
                                    'train_smudgy/T-171-0.npy',
                                    'train_smudgy/T-111-33.npy',
                                    'train_smudgy/T-144-20.npy',
                                    'train_smudgy/T-15-5.npy',
                                    'train_smudgy/T-120-5.npy',
                                    'train_smudgy/T-156-5.npy',
                                    'train_smudgy/T-176-1.npy',
                                    'train_smudgy/T-164-27.npy',
                                    'train_smudgy/T-173-1.npy',
                                    'train_smudgy/T-11-5.npy',
                                    'train_smudgy/T-109-27.npy',
                                    'train_smudgy/T-127-33.npy',
                                    'train_smudgy/T-147-0.npy',
                                    'train_smudgy/T-194-33.npy',
                                    'train_smudgy/T-112-5.npy',
                                    'train_smudgy/T-162-20.npy',
                                    'train_smudgy/T-124-1.npy',
                                    'train_smudgy/T-18-27.npy',
                                    'train_smudgy/T-193-5.npy',
                                    'train_smudgy/T-146-20.npy',
                                    'train_smudgy/T-199-0.npy',
                                    'train_smudgy/T-151-33.npy',
                                    'train_smudgy/T-19-33.npy',
                                    'train_smudgy/T-175-0.npy',
                                    'train_smudgy/T-136-27.npy',
                                    'train_smudgy/T-127-27.npy',
                                    'train_smudgy/T-13-0.npy',
                                    'train_smudgy/T-166-1.npy',
                                    'train_smudgy/T-128-27.npy',
                                    'train_smudgy/T-176-0.npy',
                                    'train_smudgy/T-12-5.npy',
                                    'train_smudgy/T-119-20.npy',
                                    'train_smudgy/T-132-5.npy',
                                    'train_smudgy/T-149-27.npy',
                                    'train_smudgy/T-158-0.npy',
                                    'train_smudgy/T-113-33.npy',
                                    'train_smudgy/T-187-20.npy',
                                    'train_smudgy/T-156-27.npy',
                                    'train_smudgy/T-140-5.npy',
                                    'train_smudgy/T-17-0.npy',
                                    'train_smudgy/T-147-1.npy',
                                    'train_smudgy/T-177-20.npy',
                                    'train_smudgy/T-143-0.npy',
                                    'train_smudgy/T-162-1.npy',
                                    'train_smudgy/T-133-5.npy',
                                    'train_smudgy/T-116-5.npy',
                                    'train_smudgy/T-169-5.npy',
                                    'train_smudgy/T-13-1.npy',
                                    'train_smudgy/T-170-33.npy',
                                    'train_smudgy/T-14-33.npy',
                                    'train_smudgy/T-110-5.npy',
                                    'train_smudgy/T-196-1.npy',
                                    'train_smudgy/T-187-1.npy',
                                    'train_smudgy/T-130-33.npy',
                                    'train_smudgy/T-17-33.npy',
                                    'train_smudgy/T-154-20.npy',
                                    'train_smudgy/T-119-27.npy',
                                    'train_smudgy/T-111-0.npy',
                                    'train_smudgy/T-133-33.npy',
                                    'train_smudgy/T-102-27.npy',
                                    'train_smudgy/T-154-33.npy',
                                    'train_smudgy/T-186-33.npy',
                                    'train_smudgy/T-180-0.npy',
                                    'train_smudgy/T-16-1.npy',
                                    'train_smudgy/T-183-1.npy',
                                    'train_smudgy/T-125-20.npy',
                                    'train_smudgy/T-128-1.npy',
                                    'train_smudgy/T-125-0.npy',
                                    'train_smudgy/T-191-5.npy',
                                    'train_smudgy/T-112-0.npy',
                                    'train_smudgy/T-107-20.npy',
                                    'train_smudgy/T-123-20.npy',
                                    'train_smudgy/T-145-0.npy',
                                    'train_smudgy/T-128-33.npy',
                                    'train_smudgy/T-116-0.npy',
                                    'train_smudgy/T-109-1.npy',
                                    'train_smudgy/T-173-20.npy',
                                    'train_smudgy/T-111-5.npy',
                                    'train_smudgy/T-12-0.npy',
                                    'train_smudgy/T-104-1.npy',
                                    'train_smudgy/T-19-0.npy',
                                    'train_smudgy/T-144-0.npy',
                                    'train_smudgy/T-12-33.npy',
                                    'train_smudgy/T-193-1.npy',
                                    'train_smudgy/T-135-0.npy',
                                    'train_smudgy/T-148-20.npy',
                                    'train_smudgy/T-181-20.npy',
                                    'train_smudgy/T-154-1.npy',
                                    'train_smudgy/T-179-1.npy',
                                    'train_smudgy/T-101-27.npy',
                                    'train_smudgy/T-191-33.npy',
                                    'train_smudgy/T-188-0.npy',
                                    'train_smudgy/T-174-33.npy',
                                    'train_smudgy/T-174-27.npy',
                                    'train_smudgy/T-118-1.npy',
                                    'train_smudgy/T-103-5.npy',
                                    'train_smudgy/T-155-27.npy',
                                    'train_smudgy/T-112-27.npy',
                                    'train_smudgy/T-16-20.npy',
                                    'train_smudgy/T-115-1.npy',
                                    'train_smudgy/T-172-20.npy',
                                    'train_smudgy/T-100-20.npy',
                                    'train_smudgy/T-104-0.npy',
                                    'train_smudgy/T-121-1.npy',
                                    'train_smudgy/T-129-0.npy',
                                    'train_smudgy/T-185-0.npy',
                                    'train_smudgy/T-168-0.npy',
                                    'train_smudgy/T-193-20.npy',
                                    'train_smudgy/T-12-27.npy',
                                    'train_smudgy/T-151-20.npy',
                                    'train_smudgy/T-174-20.npy',
                                    'train_smudgy/T-150-1.npy',
                                    'train_smudgy/T-126-1.npy',
                                    'train_smudgy/T-114-5.npy',
                                    'train_smudgy/T-131-0.npy',
                                    'train_smudgy/T-115-20.npy',
                                    'train_smudgy/T-128-5.npy',
                                    'train_smudgy/T-142-33.npy',
                                    'train_smudgy/T-159-20.npy',
                                    'train_smudgy/T-163-5.npy',
                                    'train_smudgy/T-175-5.npy',
                                    'train_smudgy/T-185-5.npy',
                                    'train_smudgy/T-150-0.npy',
                                    'train_smudgy/T-109-20.npy',
                                    'train_smudgy/T-141-27.npy',
                                    'train_smudgy/T-130-20.npy',
                                    'train_smudgy/T-156-20.npy',
                                    'train_smudgy/T-123-0.npy',
                                    'train_smudgy/T-182-0.npy',
                                    'train_smudgy/T-140-27.npy',
                                    'train_smudgy/T-198-33.npy',
                                    'train_smudgy/T-155-20.npy',
                                    'train_smudgy/T-163-33.npy',
                                    'train_smudgy/T-197-27.npy',
                                    'train_smudgy/T-160-5.npy',
                                    'train_smudgy/T-13-27.npy',
                                    'train_smudgy/T-117-5.npy',
                                    'train_smudgy/T-104-27.npy',
                                    'train_smudgy/T-191-0.npy',
                                    'train_smudgy/T-107-27.npy',
                                    'train_smudgy/T-141-33.npy',
                                    'train_smudgy/T-181-27.npy',
                                    'train_smudgy/T-186-20.npy',
                                    'train_smudgy/T-105-33.npy',
                                    'train_smudgy/T-171-20.npy',
                                    'train_smudgy/T-143-1.npy',
                                    'train_smudgy/T-137-0.npy',
                                    'train_smudgy/T-164-0.npy',
                                    'train_smudgy/T-121-20.npy',
                                    'train_smudgy/T-181-33.npy',
                                    'train_smudgy/T-119-0.npy',
                                    'train_smudgy/T-190-1.npy',
                                    'train_smudgy/T-185-27.npy',
                                    'train_smudgy/T-19-5.npy',
                                    'train_smudgy/T-139-33.npy',
                                    'train_smudgy/T-159-0.npy',
                                    'train_smudgy/T-197-0.npy',
                                    'train_smudgy/T-103-27.npy',
                                    'train_smudgy/T-121-33.npy',
                                    'train_smudgy/T-102-0.npy',
                                    'train_smudgy/T-176-33.npy',
                                    'train_smudgy/T-176-27.npy',
                                    'train_smudgy/T-131-27.npy',
                                    'train_smudgy/T-144-27.npy',
                                    'train_smudgy/T-133-20.npy',
                                    'train_smudgy/T-136-20.npy',
                                    'train_smudgy/T-113-1.npy',
                                    'train_smudgy/T-151-1.npy',
                                    'train_smudgy/T-125-27.npy',
                                    'train_smudgy/T-186-1.npy',
                                    'train_smudgy/T-193-27.npy',
                                    'train_smudgy/T-125-1.npy',
                                    'train_smudgy/T-102-20.npy',
                                    'train_smudgy/T-108-33.npy',
                                    'train_smudgy/T-145-5.npy',
                                    'train_smudgy/T-162-0.npy',
                                    'train_smudgy/T-14-27.npy',
                                    'train_smudgy/T-158-5.npy',
                                    'train_smudgy/T-184-27.npy',
                                    'train_smudgy/T-153-27.npy',
                                    'train_smudgy/T-13-5.npy',
                                    'train_smudgy/T-119-33.npy',
                                    'train_smudgy/T-175-33.npy',
                                    'train_smudgy/T-157-33.npy',
                                    'train_smudgy/T-196-20.npy',
                                    'train_smudgy/T-149-20.npy',
                                    'train_smudgy/T-195-5.npy',
                                    'train_smudgy/T-165-20.npy',
                                    'train_smudgy/T-198-0.npy',
                                    'train_smudgy/T-118-5.npy',
                                    'train_smudgy/T-130-5.npy',
                                    'train_smudgy/T-143-20.npy',
                                    'train_smudgy/T-108-5.npy',
                                    'train_smudgy/T-163-20.npy',
                                    'train_smudgy/T-152-5.npy',
                                    'train_smudgy/T-158-27.npy',
                                    'train_smudgy/T-126-5.npy',
                                    'train_smudgy/T-173-33.npy',
                                    'train_smudgy/T-177-27.npy',
                                    'train_smudgy/T-198-5.npy',
                                    'train_smudgy/T-188-1.npy',
                                    'train_smudgy/T-130-0.npy',
                                    'train_smudgy/T-148-1.npy',
                                    'train_smudgy/T-151-5.npy',
                                    'train_smudgy/T-127-1.npy',
                                    'train_smudgy/T-152-20.npy',
                                    'train_smudgy/T-131-5.npy',
                                    'train_smudgy/T-153-1.npy',
                                    'train_smudgy/T-191-1.npy',
                                    'train_smudgy/T-198-27.npy',
                                    'train_smudgy/T-169-27.npy',
                                    'train_smudgy/T-163-27.npy',
                                    'train_smudgy/T-189-1.npy',
                                    'train_smudgy/T-116-20.npy',
                                    'train_smudgy/T-186-0.npy',
                                    'train_smudgy/T-145-20.npy',
                                    'train_smudgy/T-149-1.npy',
                                    'train_smudgy/T-135-5.npy',
                                    'train_smudgy/T-158-33.npy',
                                    'train_smudgy/T-109-0.npy',
                                    'train_smudgy/T-122-33.npy',
                                    'train_smudgy/T-15-20.npy',
                                    'train_smudgy/T-101-1.npy',
                                    'train_smudgy/T-130-27.npy',
                                    'train_smudgy/T-150-27.npy',
                                    'train_smudgy/T-165-27.npy',
                                    'train_smudgy/T-120-1.npy',
                                    'train_smudgy/T-118-0.npy',
                                    'train_smudgy/T-120-0.npy',
                                    'train_smudgy/T-155-0.npy',
                                    'train_smudgy/T-150-20.npy',
                                    'train_smudgy/T-168-33.npy',
                                    'train_smudgy/T-156-33.npy',
                                    'train_smudgy/T-187-0.npy',
                                    'train_smudgy/T-199-20.npy',
                                    'train_smudgy/T-153-0.npy',
                                    'train_smudgy/T-178-5.npy',
                                    'train_smudgy/T-177-33.npy',
                                    'train_smudgy/T-175-1.npy',
                                    'train_smudgy/T-106-33.npy',
                                    'train_smudgy/T-118-33.npy',
                                    'train_smudgy/T-127-0.npy',
                                    'train_smudgy/T-191-20.npy',
                                    'train_smudgy/T-148-0.npy',
                                    'train_smudgy/T-169-1.npy',
                                    'train_smudgy/T-14-20.npy',
                                    'train_smudgy/T-133-1.npy',
                                    'train_smudgy/T-160-27.npy',
                                    'train_smudgy/T-18-5.npy',
                                    'train_smudgy/T-134-27.npy',
                                    'train_smudgy/T-121-5.npy',
                                    'train_smudgy/T-134-1.npy',
                                    'train_smudgy/T-168-20.npy',
                                    'train_smudgy/T-142-1.npy',
                                    'train_smudgy/T-197-1.npy',
                                    'train_smudgy/T-192-0.npy',
                                    'train_smudgy/T-12-20.npy',
                                    'train_smudgy/T-167-27.npy',
                                    'train_smudgy/T-122-0.npy',
                                    'train_smudgy/T-154-0.npy',
                                    'train_smudgy/T-160-20.npy',
                                    'train_smudgy/T-159-27.npy',
                                    'train_smudgy/T-189-27.npy',
                                    'train_smudgy/T-17-5.npy',
                                    'train_smudgy/T-104-33.npy',
                                    'train_smudgy/T-106-1.npy',
                                    'train_smudgy/T-196-0.npy',
                                    'train_smudgy/T-114-1.npy',
                                    'train_smudgy/T-182-5.npy',
                                    'train_smudgy/T-137-33.npy',
                                    'train_smudgy/T-107-0.npy',
                                    'train_smudgy/T-114-0.npy',
                                    'train_smudgy/T-101-33.npy',
                                    'train_smudgy/T-129-27.npy',
                                    'train_smudgy/T-122-27.npy',
                                    'train_smudgy/T-132-27.npy',
                                    'train_smudgy/T-126-33.npy',
                                    'train_smudgy/T-180-1.npy',
                                    'train_smudgy/T-185-1.npy',
                                    'train_smudgy/T-139-0.npy',
                                    'train_smudgy/T-158-1.npy',
                                    'train_smudgy/T-137-27.npy',
                                    'train_smudgy/T-164-1.npy',
                                    'train_smudgy/T-149-5.npy',
                                    'train_smudgy/T-155-5.npy',
                                    'train_smudgy/T-100-0.npy',
                                    'train_smudgy/T-169-0.npy',
                                    'train_smudgy/T-171-27.npy',
                                    'train_smudgy/T-177-1.npy',
                                    'train_smudgy/T-115-27.npy',
                                    'train_smudgy/T-18-33.npy',
                                    'train_smudgy/T-16-27.npy',
                                    'train_smudgy/T-161-0.npy',
                                    'train_smudgy/T-122-1.npy',
                                    'train_smudgy/T-152-33.npy',
                                    'train_smudgy/T-120-20.npy',
                                    'train_smudgy/T-116-33.npy',
                                    'train_smudgy/T-137-20.npy',
                                    'train_smudgy/T-105-0.npy',
                                    'train_smudgy/T-166-27.npy',
                                    'train_smudgy/T-123-27.npy',
                                    'train_smudgy/T-112-33.npy',
                                    'train_smudgy/T-101-0.npy',
                                    'train_smudgy/T-110-20.npy',
                                    'train_smudgy/T-102-5.npy',
                                    'train_smudgy/T-181-1.npy',
                                    'train_smudgy/T-145-27.npy',
                                    'train_smudgy/T-184-1.npy',
                                    'train_smudgy/T-161-5.npy',
                                    'train_smudgy/T-176-5.npy',
                                    'train_smudgy/T-167-0.npy',
                                    'train_smudgy/T-122-20.npy',
                                    'train_smudgy/T-163-0.npy',
                                    'train_smudgy/T-125-5.npy',
                                    'train_smudgy/T-182-33.npy'],
                      'gas-*-*.npy': ['train_smudgy/gas-117-20.npy',
                                      'train_smudgy/gas-192-27.npy',
                                      'train_smudgy/gas-110-1.npy',
                                      'train_smudgy/gas-182-20.npy',
                                      'train_smudgy/gas-16-33.npy',
                                      'train_smudgy/gas-124-0.npy',
                                      'train_smudgy/gas-177-0.npy',
                                      'train_smudgy/gas-146-0.npy',
                                      'train_smudgy/gas-128-0.npy',
                                      'train_smudgy/gas-164-20.npy',
                                      'train_smudgy/gas-132-20.npy',
                                      'train_smudgy/gas-148-5.npy',
                                      'train_smudgy/gas-127-5.npy',
                                      'train_smudgy/gas-181-0.npy',
                                      'train_smudgy/gas-187-5.npy',
                                      'train_smudgy/gas-130-1.npy',
                                      'train_smudgy/gas-133-0.npy',
                                      'train_smudgy/gas-169-33.npy',
                                      'train_smudgy/gas-165-5.npy',
                                      'train_smudgy/gas-172-1.npy',
                                      'train_smudgy/gas-124-33.npy',
                                      'train_smudgy/gas-161-20.npy',
                                      'train_smudgy/gas-141-1.npy',
                                      'train_smudgy/gas-15-1.npy',
                                      'train_smudgy/gas-144-1.npy',
                                      'train_smudgy/gas-146-5.npy',
                                      'train_smudgy/gas-184-5.npy',
                                      'train_smudgy/gas-128-20.npy',
                                      'train_smudgy/gas-157-20.npy',
                                      'train_smudgy/gas-189-0.npy',
                                      'train_smudgy/gas-139-1.npy',
                                      'train_smudgy/gas-104-5.npy',
                                      'train_smudgy/gas-105-20.npy',
                                      'train_smudgy/gas-17-1.npy',
                                      'train_smudgy/gas-164-5.npy',
                                      'train_smudgy/gas-18-0.npy',
                                      'train_smudgy/gas-156-0.npy',
                                      'train_smudgy/gas-142-5.npy',
                                      'train_smudgy/gas-192-20.npy',
                                      'train_smudgy/gas-11-20.npy',
                                      'train_smudgy/gas-146-33.npy',
                                      'train_smudgy/gas-197-20.npy',
                                      'train_smudgy/gas-192-5.npy',
                                      'train_smudgy/gas-143-5.npy',
                                      'train_smudgy/gas-173-5.npy',
                                      'train_smudgy/gas-129-33.npy',
                                      'train_smudgy/gas-198-20.npy',
                                      'train_smudgy/gas-163-1.npy',
                                      'train_smudgy/gas-149-33.npy',
                                      'train_smudgy/gas-170-20.npy',
                                      'train_smudgy/gas-115-0.npy',
                                      'train_smudgy/gas-171-1.npy',
                                      'train_smudgy/gas-118-27.npy',
                                      'train_smudgy/gas-142-20.npy',
                                      'train_smudgy/gas-18-1.npy',
                                      'train_smudgy/gas-159-33.npy',
                                      'train_smudgy/gas-106-0.npy',
                                      'train_smudgy/gas-108-0.npy',
                                      'train_smudgy/gas-15-0.npy',
                                      'train_smudgy/gas-195-20.npy',
                                      'train_smudgy/gas-158-20.npy',
                                      'train_smudgy/gas-111-20.npy',
                                      'train_smudgy/gas-140-1.npy',
                                      'train_smudgy/gas-157-5.npy',
                                      'train_smudgy/gas-195-33.npy',
                                      'train_smudgy/gas-181-5.npy',
                                      'train_smudgy/gas-121-0.npy',
                                      'train_smudgy/gas-196-33.npy',
                                      'train_smudgy/gas-159-1.npy',
                                      'train_smudgy/gas-167-20.npy',
                                      'train_smudgy/gas-184-0.npy',
                                      'train_smudgy/gas-145-33.npy',
                                      'train_smudgy/gas-105-1.npy',
                                      'train_smudgy/gas-168-5.npy',
                                      'train_smudgy/gas-194-0.npy',
                                      'train_smudgy/gas-120-27.npy',
                                      'train_smudgy/gas-11-0.npy',
                                      'train_smudgy/gas-13-33.npy',
                                      'train_smudgy/gas-140-20.npy',
                                      'train_smudgy/gas-114-33.npy',
                                      'train_smudgy/gas-178-33.npy',
                                      'train_smudgy/gas-177-5.npy',
                                      'train_smudgy/gas-131-1.npy',
                                      'train_smudgy/gas-168-27.npy',
                                      'train_smudgy/gas-110-33.npy',
                                      'train_smudgy/gas-166-0.npy',
                                      'train_smudgy/gas-160-1.npy',
                                      'train_smudgy/gas-190-5.npy',
                                      'train_smudgy/gas-170-5.npy',
                                      'train_smudgy/gas-107-5.npy',
                                      'train_smudgy/gas-100-5.npy',
                                      'train_smudgy/gas-160-33.npy',
                                      'train_smudgy/gas-179-20.npy',
                                      'train_smudgy/gas-162-33.npy',
                                      'train_smudgy/gas-108-1.npy',
                                      'train_smudgy/gas-149-0.npy',
                                      'train_smudgy/gas-140-33.npy',
                                      'train_smudgy/gas-144-33.npy',
                                      'train_smudgy/gas-116-1.npy',
                                      'train_smudgy/gas-117-27.npy',
                                      'train_smudgy/gas-103-0.npy',
                                      'train_smudgy/gas-115-5.npy',
                                      'train_smudgy/gas-124-5.npy',
                                      'train_smudgy/gas-136-33.npy',
                                      'train_smudgy/gas-106-20.npy',
                                      'train_smudgy/gas-184-20.npy',
                                      'train_smudgy/gas-134-0.npy',
                                      'train_smudgy/gas-139-20.npy',
                                      'train_smudgy/gas-166-5.npy',
                                      'train_smudgy/gas-11-33.npy',
                                      'train_smudgy/gas-107-1.npy',
                                      'train_smudgy/gas-183-5.npy',
                                      'train_smudgy/gas-147-20.npy',
                                      'train_smudgy/gas-139-5.npy',
                                      'train_smudgy/gas-170-27.npy',
                                      'train_smudgy/gas-179-27.npy',
                                      'train_smudgy/gas-103-1.npy',
                                      'train_smudgy/gas-197-33.npy',
                                      'train_smudgy/gas-138-33.npy',
                                      'train_smudgy/gas-180-5.npy',
                                      'train_smudgy/gas-152-0.npy',
                                      'train_smudgy/gas-113-5.npy',
                                      'train_smudgy/gas-105-5.npy',
                                      'train_smudgy/gas-17-27.npy',
                                      'train_smudgy/gas-192-33.npy',
                                      'train_smudgy/gas-132-33.npy',
                                      'train_smudgy/gas-132-1.npy',
                                      'train_smudgy/gas-171-5.npy',
                                      'train_smudgy/gas-166-20.npy',
                                      'train_smudgy/gas-136-0.npy',
                                      'train_smudgy/gas-172-0.npy',
                                      'train_smudgy/gas-155-1.npy',
                                      'train_smudgy/gas-113-27.npy',
                                      'train_smudgy/gas-17-20.npy',
                                      'train_smudgy/gas-108-20.npy',
                                      'train_smudgy/gas-142-27.npy',
                                      'train_smudgy/gas-134-20.npy',
                                      'train_smudgy/gas-174-5.npy',
                                      'train_smudgy/gas-111-27.npy',
                                      'train_smudgy/gas-185-33.npy',
                                      'train_smudgy/gas-166-33.npy',
                                      'train_smudgy/gas-131-33.npy',
                                      'train_smudgy/gas-165-1.npy',
                                      'train_smudgy/gas-151-0.npy',
                                      'train_smudgy/gas-138-27.npy',
                                      'train_smudgy/gas-179-33.npy',
                                      'train_smudgy/gas-172-33.npy',
                                      'train_smudgy/gas-124-27.npy',
                                      'train_smudgy/gas-105-27.npy',
                                      'train_smudgy/gas-131-20.npy',
                                      'train_smudgy/gas-160-0.npy',
                                      'train_smudgy/gas-133-27.npy',
                                      'train_smudgy/gas-188-5.npy',
                                      'train_smudgy/gas-153-20.npy',
                                      'train_smudgy/gas-161-33.npy',
                                      'train_smudgy/gas-14-0.npy',
                                      'train_smudgy/gas-150-5.npy',
                                      'train_smudgy/gas-138-5.npy',
                                      'train_smudgy/gas-170-0.npy',
                                      'train_smudgy/gas-188-20.npy',
                                      'train_smudgy/gas-106-27.npy',
                                      'train_smudgy/gas-142-0.npy',
                                      'train_smudgy/gas-178-1.npy',
                                      'train_smudgy/gas-129-1.npy',
                                      'train_smudgy/gas-135-27.npy',
                                      'train_smudgy/gas-195-0.npy',
                                      'train_smudgy/gas-193-33.npy',
                                      'train_smudgy/gas-126-0.npy',
                                      'train_smudgy/gas-145-1.npy',
                                      'train_smudgy/gas-127-20.npy',
                                      'train_smudgy/gas-180-33.npy',
                                      'train_smudgy/gas-11-27.npy',
                                      'train_smudgy/gas-140-0.npy',
                                      'train_smudgy/gas-138-1.npy',
                                      'train_smudgy/gas-190-20.npy',
                                      'train_smudgy/gas-187-27.npy',
                                      'train_smudgy/gas-14-1.npy',
                                      'train_smudgy/gas-191-27.npy',
                                      'train_smudgy/gas-148-33.npy',
                                      'train_smudgy/gas-198-1.npy',
                                      'train_smudgy/gas-110-0.npy',
                                      'train_smudgy/gas-192-1.npy',
                                      'train_smudgy/gas-165-33.npy',
                                      'train_smudgy/gas-151-27.npy',
                                      'train_smudgy/gas-103-33.npy',
                                      'train_smudgy/gas-112-1.npy',
                                      'train_smudgy/gas-186-27.npy',
                                      'train_smudgy/gas-188-33.npy',
                                      'train_smudgy/gas-110-27.npy',
                                      'train_smudgy/gas-100-1.npy',
                                      'train_smudgy/gas-136-5.npy',
                                      'train_smudgy/gas-169-20.npy',
                                      'train_smudgy/gas-101-5.npy',
                                      'train_smudgy/gas-117-1.npy',
                                      'train_smudgy/gas-183-33.npy',
                                      'train_smudgy/gas-154-27.npy',
                                      'train_smudgy/gas-129-5.npy',
                                      'train_smudgy/gas-19-1.npy',
                                      'train_smudgy/gas-195-27.npy',
                                      'train_smudgy/gas-167-1.npy',
                                      'train_smudgy/gas-138-0.npy',
                                      'train_smudgy/gas-121-27.npy',
                                      'train_smudgy/gas-199-5.npy',
                                      'train_smudgy/gas-165-0.npy',
                                      'train_smudgy/gas-197-5.npy',
                                      'train_smudgy/gas-183-0.npy',
                                      'train_smudgy/gas-152-27.npy',
                                      'train_smudgy/gas-147-27.npy',
                                      'train_smudgy/gas-179-5.npy',
                                      'train_smudgy/gas-189-5.npy',
                                      'train_smudgy/gas-119-5.npy',
                                      'train_smudgy/gas-11-1.npy',
                                      'train_smudgy/gas-159-5.npy',
                                      'train_smudgy/gas-139-27.npy',
                                      'train_smudgy/gas-123-33.npy',
                                      'train_smudgy/gas-124-20.npy',
                                      'train_smudgy/gas-114-20.npy',
                                      'train_smudgy/gas-164-33.npy',
                                      'train_smudgy/gas-114-27.npy',
                                      'train_smudgy/gas-15-27.npy',
                                      'train_smudgy/gas-138-20.npy',
                                      'train_smudgy/gas-118-20.npy',
                                      'train_smudgy/gas-15-33.npy',
                                      'train_smudgy/gas-126-20.npy',
                                      'train_smudgy/gas-190-0.npy',
                                      'train_smudgy/gas-148-27.npy',
                                      'train_smudgy/gas-102-1.npy',
                                      'train_smudgy/gas-178-20.npy',
                                      'train_smudgy/gas-199-33.npy',
                                      'train_smudgy/gas-109-33.npy',
                                      'train_smudgy/gas-111-1.npy',
                                      'train_smudgy/gas-199-27.npy',
                                      'train_smudgy/gas-161-27.npy',
                                      'train_smudgy/gas-19-27.npy',
                                      'train_smudgy/gas-100-33.npy',
                                      'train_smudgy/gas-117-0.npy',
                                      'train_smudgy/gas-194-20.npy',
                                      'train_smudgy/gas-180-27.npy',
                                      'train_smudgy/gas-104-20.npy',
                                      'train_smudgy/gas-172-27.npy',
                                      'train_smudgy/gas-12-1.npy',
                                      'train_smudgy/gas-188-27.npy',
                                      'train_smudgy/gas-123-1.npy',
                                      'train_smudgy/gas-190-27.npy',
                                      'train_smudgy/gas-125-33.npy',
                                      'train_smudgy/gas-16-5.npy',
                                      'train_smudgy/gas-100-27.npy',
                                      'train_smudgy/gas-157-1.npy',
                                      'train_smudgy/gas-174-1.npy',
                                      'train_smudgy/gas-167-33.npy',
                                      'train_smudgy/gas-112-20.npy',
                                      'train_smudgy/gas-119-1.npy',
                                      'train_smudgy/gas-101-20.npy',
                                      'train_smudgy/gas-196-5.npy',
                                      'train_smudgy/gas-184-33.npy',
                                      'train_smudgy/gas-137-5.npy',
                                      'train_smudgy/gas-183-20.npy',
                                      'train_smudgy/gas-107-33.npy',
                                      'train_smudgy/gas-173-27.npy',
                                      'train_smudgy/gas-195-1.npy',
                                      'train_smudgy/gas-16-0.npy',
                                      'train_smudgy/gas-113-0.npy',
                                      'train_smudgy/gas-190-33.npy',
                                      'train_smudgy/gas-106-5.npy',
                                      'train_smudgy/gas-180-20.npy',
                                      'train_smudgy/gas-155-33.npy',
                                      'train_smudgy/gas-150-33.npy',
                                      'train_smudgy/gas-113-20.npy',
                                      'train_smudgy/gas-144-5.npy',
                                      'train_smudgy/gas-13-20.npy',
                                      'train_smudgy/gas-193-0.npy',
                                      'train_smudgy/gas-120-33.npy',
                                      'train_smudgy/gas-162-27.npy',
                                      'train_smudgy/gas-135-20.npy',
                                      'train_smudgy/gas-178-0.npy',
                                      'train_smudgy/gas-153-5.npy',
                                      'train_smudgy/gas-147-33.npy',
                                      'train_smudgy/gas-134-5.npy',
                                      'train_smudgy/gas-172-5.npy',
                                      'train_smudgy/gas-153-33.npy',
                                      'train_smudgy/gas-146-1.npy',
                                      'train_smudgy/gas-135-1.npy',
                                      'train_smudgy/gas-108-27.npy',
                                      'train_smudgy/gas-183-27.npy',
                                      'train_smudgy/gas-123-5.npy',
                                      'train_smudgy/gas-102-33.npy',
                                      'train_smudgy/gas-146-27.npy',
                                      'train_smudgy/gas-156-1.npy',
                                      'train_smudgy/gas-178-27.npy',
                                      'train_smudgy/gas-141-5.npy',
                                      'train_smudgy/gas-134-33.npy',
                                      'train_smudgy/gas-168-1.npy',
                                      'train_smudgy/gas-179-0.npy',
                                      'train_smudgy/gas-152-1.npy',
                                      'train_smudgy/gas-187-33.npy',
                                      'train_smudgy/gas-199-1.npy',
                                      'train_smudgy/gas-194-5.npy',
                                      'train_smudgy/gas-162-5.npy',
                                      'train_smudgy/gas-19-20.npy',
                                      'train_smudgy/gas-182-1.npy',
                                      'train_smudgy/gas-174-0.npy',
                                      'train_smudgy/gas-171-33.npy',
                                      'train_smudgy/gas-175-27.npy',
                                      'train_smudgy/gas-157-0.npy',
                                      'train_smudgy/gas-141-0.npy',
                                      'train_smudgy/gas-122-5.npy',
                                      'train_smudgy/gas-115-33.npy',
                                      'train_smudgy/gas-116-27.npy',
                                      'train_smudgy/gas-109-5.npy',
                                      'train_smudgy/gas-103-20.npy',
                                      'train_smudgy/gas-137-1.npy',
                                      'train_smudgy/gas-161-1.npy',
                                      'train_smudgy/gas-143-27.npy',
                                      'train_smudgy/gas-141-20.npy',
                                      'train_smudgy/gas-175-20.npy',
                                      'train_smudgy/gas-170-1.npy',
                                      'train_smudgy/gas-167-5.npy',
                                      'train_smudgy/gas-132-0.npy',
                                      'train_smudgy/gas-196-27.npy',
                                      'train_smudgy/gas-157-27.npy',
                                      'train_smudgy/gas-147-5.npy',
                                      'train_smudgy/gas-14-5.npy',
                                      'train_smudgy/gas-18-20.npy',
                                      'train_smudgy/gas-185-20.npy',
                                      'train_smudgy/gas-194-27.npy',
                                      'train_smudgy/gas-143-33.npy',
                                      'train_smudgy/gas-189-20.npy',
                                      'train_smudgy/gas-173-0.npy',
                                      'train_smudgy/gas-194-1.npy',
                                      'train_smudgy/gas-189-33.npy',
                                      'train_smudgy/gas-126-27.npy',
                                      'train_smudgy/gas-117-33.npy',
                                      'train_smudgy/gas-129-20.npy',
                                      'train_smudgy/gas-182-27.npy',
                                      'train_smudgy/gas-186-5.npy',
                                      'train_smudgy/gas-176-20.npy',
                                      'train_smudgy/gas-135-33.npy',
                                      'train_smudgy/gas-136-1.npy',
                                      'train_smudgy/gas-154-5.npy',
                                      'train_smudgy/gas-171-0.npy',
                                      'train_smudgy/gas-111-33.npy',
                                      'train_smudgy/gas-144-20.npy',
                                      'train_smudgy/gas-15-5.npy',
                                      'train_smudgy/gas-120-5.npy',
                                      'train_smudgy/gas-156-5.npy',
                                      'train_smudgy/gas-176-1.npy',
                                      'train_smudgy/gas-164-27.npy',
                                      'train_smudgy/gas-173-1.npy',
                                      'train_smudgy/gas-11-5.npy',
                                      'train_smudgy/gas-109-27.npy',
                                      'train_smudgy/gas-127-33.npy',
                                      'train_smudgy/gas-147-0.npy',
                                      'train_smudgy/gas-194-33.npy',
                                      'train_smudgy/gas-112-5.npy',
                                      'train_smudgy/gas-162-20.npy',
                                      'train_smudgy/gas-124-1.npy',
                                      'train_smudgy/gas-18-27.npy',
                                      'train_smudgy/gas-193-5.npy',
                                      'train_smudgy/gas-146-20.npy',
                                      'train_smudgy/gas-199-0.npy',
                                      'train_smudgy/gas-151-33.npy',
                                      'train_smudgy/gas-19-33.npy',
                                      'train_smudgy/gas-175-0.npy',
                                      'train_smudgy/gas-136-27.npy',
                                      'train_smudgy/gas-127-27.npy',
                                      'train_smudgy/gas-13-0.npy',
                                      'train_smudgy/gas-166-1.npy',
                                      'train_smudgy/gas-128-27.npy',
                                      'train_smudgy/gas-176-0.npy',
                                      'train_smudgy/gas-12-5.npy',
                                      'train_smudgy/gas-119-20.npy',
                                      'train_smudgy/gas-132-5.npy',
                                      'train_smudgy/gas-149-27.npy',
                                      'train_smudgy/gas-158-0.npy',
                                      'train_smudgy/gas-113-33.npy',
                                      'train_smudgy/gas-187-20.npy',
                                      'train_smudgy/gas-156-27.npy',
                                      'train_smudgy/gas-140-5.npy',
                                      'train_smudgy/gas-17-0.npy',
                                      'train_smudgy/gas-147-1.npy',
                                      'train_smudgy/gas-177-20.npy',
                                      'train_smudgy/gas-143-0.npy',
                                      'train_smudgy/gas-162-1.npy',
                                      'train_smudgy/gas-133-5.npy',
                                      'train_smudgy/gas-116-5.npy',
                                      'train_smudgy/gas-169-5.npy',
                                      'train_smudgy/gas-13-1.npy',
                                      'train_smudgy/gas-170-33.npy',
                                      'train_smudgy/gas-14-33.npy',
                                      'train_smudgy/gas-110-5.npy',
                                      'train_smudgy/gas-196-1.npy',
                                      'train_smudgy/gas-187-1.npy',
                                      'train_smudgy/gas-130-33.npy',
                                      'train_smudgy/gas-17-33.npy',
                                      'train_smudgy/gas-154-20.npy',
                                      'train_smudgy/gas-119-27.npy',
                                      'train_smudgy/gas-111-0.npy',
                                      'train_smudgy/gas-133-33.npy',
                                      'train_smudgy/gas-102-27.npy',
                                      'train_smudgy/gas-154-33.npy',
                                      'train_smudgy/gas-186-33.npy',
                                      'train_smudgy/gas-180-0.npy',
                                      'train_smudgy/gas-16-1.npy',
                                      'train_smudgy/gas-183-1.npy',
                                      'train_smudgy/gas-125-20.npy',
                                      'train_smudgy/gas-128-1.npy',
                                      'train_smudgy/gas-125-0.npy',
                                      'train_smudgy/gas-191-5.npy',
                                      'train_smudgy/gas-112-0.npy',
                                      'train_smudgy/gas-107-20.npy',
                                      'train_smudgy/gas-123-20.npy',
                                      'train_smudgy/gas-145-0.npy',
                                      'train_smudgy/gas-128-33.npy',
                                      'train_smudgy/gas-116-0.npy',
                                      'train_smudgy/gas-109-1.npy',
                                      'train_smudgy/gas-173-20.npy',
                                      'train_smudgy/gas-111-5.npy',
                                      'train_smudgy/gas-12-0.npy',
                                      'train_smudgy/gas-104-1.npy',
                                      'train_smudgy/gas-19-0.npy',
                                      'train_smudgy/gas-144-0.npy',
                                      'train_smudgy/gas-12-33.npy',
                                      'train_smudgy/gas-193-1.npy',
                                      'train_smudgy/gas-135-0.npy',
                                      'train_smudgy/gas-148-20.npy',
                                      'train_smudgy/gas-181-20.npy',
                                      'train_smudgy/gas-154-1.npy',
                                      'train_smudgy/gas-179-1.npy',
                                      'train_smudgy/gas-101-27.npy',
                                      'train_smudgy/gas-191-33.npy',
                                      'train_smudgy/gas-188-0.npy',
                                      'train_smudgy/gas-174-33.npy',
                                      'train_smudgy/gas-174-27.npy',
                                      'train_smudgy/gas-118-1.npy',
                                      'train_smudgy/gas-103-5.npy',
                                      'train_smudgy/gas-155-27.npy',
                                      'train_smudgy/gas-112-27.npy',
                                      'train_smudgy/gas-16-20.npy',
                                      'train_smudgy/gas-115-1.npy',
                                      'train_smudgy/gas-172-20.npy',
                                      'train_smudgy/gas-100-20.npy',
                                      'train_smudgy/gas-104-0.npy',
                                      'train_smudgy/gas-121-1.npy',
                                      'train_smudgy/gas-129-0.npy',
                                      'train_smudgy/gas-185-0.npy',
                                      'train_smudgy/gas-168-0.npy',
                                      'train_smudgy/gas-193-20.npy',
                                      'train_smudgy/gas-12-27.npy',
                                      'train_smudgy/gas-151-20.npy',
                                      'train_smudgy/gas-174-20.npy',
                                      'train_smudgy/gas-150-1.npy',
                                      'train_smudgy/gas-126-1.npy',
                                      'train_smudgy/gas-114-5.npy',
                                      'train_smudgy/gas-131-0.npy',
                                      'train_smudgy/gas-115-20.npy',
                                      'train_smudgy/gas-128-5.npy',
                                      'train_smudgy/gas-142-33.npy',
                                      'train_smudgy/gas-159-20.npy',
                                      'train_smudgy/gas-163-5.npy',
                                      'train_smudgy/gas-175-5.npy',
                                      'train_smudgy/gas-185-5.npy',
                                      'train_smudgy/gas-150-0.npy',
                                      'train_smudgy/gas-109-20.npy',
                                      'train_smudgy/gas-141-27.npy',
                                      'train_smudgy/gas-130-20.npy',
                                      'train_smudgy/gas-156-20.npy',
                                      'train_smudgy/gas-123-0.npy',
                                      'train_smudgy/gas-182-0.npy',
                                      'train_smudgy/gas-140-27.npy',
                                      'train_smudgy/gas-198-33.npy',
                                      'train_smudgy/gas-155-20.npy',
                                      'train_smudgy/gas-163-33.npy',
                                      'train_smudgy/gas-197-27.npy',
                                      'train_smudgy/gas-160-5.npy',
                                      'train_smudgy/gas-13-27.npy',
                                      'train_smudgy/gas-117-5.npy',
                                      'train_smudgy/gas-104-27.npy',
                                      'train_smudgy/gas-191-0.npy',
                                      'train_smudgy/gas-107-27.npy',
                                      'train_smudgy/gas-141-33.npy',
                                      'train_smudgy/gas-181-27.npy',
                                      'train_smudgy/gas-186-20.npy',
                                      'train_smudgy/gas-105-33.npy',
                                      'train_smudgy/gas-171-20.npy',
                                      'train_smudgy/gas-143-1.npy',
                                      'train_smudgy/gas-137-0.npy',
                                      'train_smudgy/gas-164-0.npy',
                                      'train_smudgy/gas-121-20.npy',
                                      'train_smudgy/gas-181-33.npy',
                                      'train_smudgy/gas-119-0.npy',
                                      'train_smudgy/gas-190-1.npy',
                                      'train_smudgy/gas-185-27.npy',
                                      'train_smudgy/gas-19-5.npy',
                                      'train_smudgy/gas-139-33.npy',
                                      'train_smudgy/gas-159-0.npy',
                                      'train_smudgy/gas-197-0.npy',
                                      'train_smudgy/gas-103-27.npy',
                                      'train_smudgy/gas-121-33.npy',
                                      'train_smudgy/gas-102-0.npy',
                                      'train_smudgy/gas-176-33.npy',
                                      'train_smudgy/gas-176-27.npy',
                                      'train_smudgy/gas-131-27.npy',
                                      'train_smudgy/gas-144-27.npy',
                                      'train_smudgy/gas-133-20.npy',
                                      'train_smudgy/gas-136-20.npy',
                                      'train_smudgy/gas-113-1.npy',
                                      'train_smudgy/gas-151-1.npy',
                                      'train_smudgy/gas-125-27.npy',
                                      'train_smudgy/gas-186-1.npy',
                                      'train_smudgy/gas-193-27.npy',
                                      'train_smudgy/gas-125-1.npy',
                                      'train_smudgy/gas-102-20.npy',
                                      'train_smudgy/gas-108-33.npy',
                                      'train_smudgy/gas-145-5.npy',
                                      'train_smudgy/gas-162-0.npy',
                                      'train_smudgy/gas-14-27.npy',
                                      'train_smudgy/gas-158-5.npy',
                                      'train_smudgy/gas-184-27.npy',
                                      'train_smudgy/gas-153-27.npy',
                                      'train_smudgy/gas-13-5.npy',
                                      'train_smudgy/gas-119-33.npy',
                                      'train_smudgy/gas-175-33.npy',
                                      'train_smudgy/gas-157-33.npy',
                                      'train_smudgy/gas-196-20.npy',
                                      'train_smudgy/gas-149-20.npy',
                                      'train_smudgy/gas-195-5.npy',
                                      'train_smudgy/gas-165-20.npy',
                                      'train_smudgy/gas-198-0.npy',
                                      'train_smudgy/gas-118-5.npy',
                                      'train_smudgy/gas-130-5.npy',
                                      'train_smudgy/gas-143-20.npy',
                                      'train_smudgy/gas-108-5.npy',
                                      'train_smudgy/gas-163-20.npy',
                                      'train_smudgy/gas-152-5.npy',
                                      'train_smudgy/gas-158-27.npy',
                                      'train_smudgy/gas-126-5.npy',
                                      'train_smudgy/gas-173-33.npy',
                                      'train_smudgy/gas-177-27.npy',
                                      'train_smudgy/gas-198-5.npy',
                                      'train_smudgy/gas-188-1.npy',
                                      'train_smudgy/gas-130-0.npy',
                                      'train_smudgy/gas-148-1.npy',
                                      'train_smudgy/gas-151-5.npy',
                                      'train_smudgy/gas-127-1.npy',
                                      'train_smudgy/gas-152-20.npy',
                                      'train_smudgy/gas-131-5.npy',
                                      'train_smudgy/gas-153-1.npy',
                                      'train_smudgy/gas-191-1.npy',
                                      'train_smudgy/gas-198-27.npy',
                                      'train_smudgy/gas-169-27.npy',
                                      'train_smudgy/gas-163-27.npy',
                                      'train_smudgy/gas-189-1.npy',
                                      'train_smudgy/gas-116-20.npy',
                                      'train_smudgy/gas-186-0.npy',
                                      'train_smudgy/gas-145-20.npy',
                                      'train_smudgy/gas-149-1.npy',
                                      'train_smudgy/gas-135-5.npy',
                                      'train_smudgy/gas-158-33.npy',
                                      'train_smudgy/gas-109-0.npy',
                                      'train_smudgy/gas-122-33.npy',
                                      'train_smudgy/gas-15-20.npy',
                                      'train_smudgy/gas-101-1.npy',
                                      'train_smudgy/gas-130-27.npy',
                                      'train_smudgy/gas-150-27.npy',
                                      'train_smudgy/gas-165-27.npy',
                                      'train_smudgy/gas-120-1.npy',
                                      'train_smudgy/gas-118-0.npy',
                                      'train_smudgy/gas-120-0.npy',
                                      'train_smudgy/gas-155-0.npy',
                                      'train_smudgy/gas-150-20.npy',
                                      'train_smudgy/gas-168-33.npy',
                                      'train_smudgy/gas-156-33.npy',
                                      'train_smudgy/gas-187-0.npy',
                                      'train_smudgy/gas-199-20.npy',
                                      'train_smudgy/gas-153-0.npy',
                                      'train_smudgy/gas-178-5.npy',
                                      'train_smudgy/gas-177-33.npy',
                                      'train_smudgy/gas-175-1.npy',
                                      'train_smudgy/gas-106-33.npy',
                                      'train_smudgy/gas-118-33.npy',
                                      'train_smudgy/gas-127-0.npy',
                                      'train_smudgy/gas-191-20.npy',
                                      'train_smudgy/gas-148-0.npy',
                                      'train_smudgy/gas-169-1.npy',
                                      'train_smudgy/gas-14-20.npy',
                                      'train_smudgy/gas-133-1.npy',
                                      'train_smudgy/gas-160-27.npy',
                                      'train_smudgy/gas-18-5.npy',
                                      'train_smudgy/gas-134-27.npy',
                                      'train_smudgy/gas-121-5.npy',
                                      'train_smudgy/gas-134-1.npy',
                                      'train_smudgy/gas-168-20.npy',
                                      'train_smudgy/gas-142-1.npy',
                                      'train_smudgy/gas-197-1.npy',
                                      'train_smudgy/gas-192-0.npy',
                                      'train_smudgy/gas-12-20.npy',
                                      'train_smudgy/gas-167-27.npy',
                                      'train_smudgy/gas-122-0.npy',
                                      'train_smudgy/gas-154-0.npy',
                                      'train_smudgy/gas-160-20.npy',
                                      'train_smudgy/gas-159-27.npy',
                                      'train_smudgy/gas-189-27.npy',
                                      'train_smudgy/gas-17-5.npy',
                                      'train_smudgy/gas-104-33.npy',
                                      'train_smudgy/gas-106-1.npy',
                                      'train_smudgy/gas-196-0.npy',
                                      'train_smudgy/gas-114-1.npy',
                                      'train_smudgy/gas-182-5.npy',
                                      'train_smudgy/gas-137-33.npy',
                                      'train_smudgy/gas-107-0.npy',
                                      'train_smudgy/gas-114-0.npy',
                                      'train_smudgy/gas-101-33.npy',
                                      'train_smudgy/gas-129-27.npy',
                                      'train_smudgy/gas-122-27.npy',
                                      'train_smudgy/gas-132-27.npy',
                                      'train_smudgy/gas-126-33.npy',
                                      'train_smudgy/gas-180-1.npy',
                                      'train_smudgy/gas-185-1.npy',
                                      'train_smudgy/gas-139-0.npy',
                                      'train_smudgy/gas-158-1.npy',
                                      'train_smudgy/gas-137-27.npy',
                                      'train_smudgy/gas-164-1.npy',
                                      'train_smudgy/gas-149-5.npy',
                                      'train_smudgy/gas-155-5.npy',
                                      'train_smudgy/gas-100-0.npy',
                                      'train_smudgy/gas-169-0.npy',
                                      'train_smudgy/gas-171-27.npy',
                                      'train_smudgy/gas-177-1.npy',
                                      'train_smudgy/gas-115-27.npy',
                                      'train_smudgy/gas-18-33.npy',
                                      'train_smudgy/gas-16-27.npy',
                                      'train_smudgy/gas-161-0.npy',
                                      'train_smudgy/gas-122-1.npy',
                                      'train_smudgy/gas-152-33.npy',
                                      'train_smudgy/gas-120-20.npy',
                                      'train_smudgy/gas-116-33.npy',
                                      'train_smudgy/gas-137-20.npy',
                                      'train_smudgy/gas-105-0.npy',
                                      'train_smudgy/gas-166-27.npy',
                                      'train_smudgy/gas-123-27.npy',
                                      'train_smudgy/gas-112-33.npy',
                                      'train_smudgy/gas-101-0.npy',
                                      'train_smudgy/gas-110-20.npy',
                                      'train_smudgy/gas-102-5.npy',
                                      'train_smudgy/gas-181-1.npy',
                                      'train_smudgy/gas-145-27.npy',
                                      'train_smudgy/gas-184-1.npy',
                                      'train_smudgy/gas-161-5.npy',
                                      'train_smudgy/gas-176-5.npy',
                                      'train_smudgy/gas-167-0.npy',
                                      'train_smudgy/gas-122-20.npy',
                                      'train_smudgy/gas-163-0.npy',
                                      'train_smudgy/gas-125-5.npy',
                                      'train_smudgy/gas-182-33.npy']}}

Total number of style files: 654

Dataset: Test

Input files info:
{'1_total_num_fields_in': 6,
 '2_num_files_per_pattern': {'DMO-*-*.npy': 6},
 '3_all_files_used': {'DMO-*-*.npy': ['DMO-10-2.npy',
                                      'DMO-145-2.npy',
                                      'DMO-10-1.npy',
                                      'DMO-199-2.npy',
                                      'DMO-199-1.npy',
                                      'DMO-145-1.npy']}}

Target files info:
{'1_total_num_fields_tgt': 6,
 '2_num_files_per_pattern': {'DM-*-*.npy': 6,
                             'E-*-*.npy': 6,
                             'T-*-*.npy': 6,
                             'gas-*-*.npy': 6},
 '3_all_files_used': {'DM-*-*.npy': ['train_smudgy/DM-10-2.npy',
                                     'train_smudgy/DM-145-2.npy',
                                     'train_smudgy/DM-10-1.npy',
                                     'train_smudgy/DM-199-2.npy',
                                     'train_smudgy/DM-199-1.npy',
                                     'train_smudgy/DM-145-1.npy'],
                      'E-*-*.npy': ['train_smudgy/E-10-2.npy',
                                    'train_smudgy/E-145-2.npy',
                                    'train_smudgy/E-10-1.npy',
                                    'train_smudgy/E-199-2.npy',
                                    'train_smudgy/E-199-1.npy',
                                    'train_smudgy/E-145-1.npy'],
                      'T-*-*.npy': ['train_smudgy/T-10-2.npy',
                                    'train_smudgy/T-145-2.npy',
                                    'train_smudgy/T-10-1.npy',
                                    'train_smudgy/T-199-2.npy',
                                    'train_smudgy/T-199-1.npy',
                                    'train_smudgy/T-145-1.npy'],
                      'gas-*-*.npy': ['train_smudgy/gas-10-2.npy',
                                      'train_smudgy/gas-145-2.npy',
                                      'train_smudgy/gas-10-1.npy',
                                      'train_smudgy/gas-199-2.npy',
                                      'train_smudgy/gas-199-1.npy',
                                      'train_smudgy/gas-145-1.npy']}}

Total number of style files: 6

